state,year,month,month_num,date,pms_price
Abia,2016,Jan,1,2016-01-01,129.3
Abia,2017,Mar,3,2017-03-01,150.4
Abia,2017,Apr,4,2017-04-01,149.0
Abia,2017,May,5,2017-05-01,151.9
Abia,2017,Jun,6,2017-06-01,149.7
Abia,2017,Jul,7,2017-07-01,147.0
Abia,2017,Aug,8,2017-08-01,144.7
Abia,2017,Sep,9,2017-09-01,144.5
Abia,2017,Oct,10,2017-10-01,147.86
Abia,2017,Nov,11,2017-11-01,147.5
Abia,2017,Dec,12,2017-12-01,220.4
Abia,2018,Jan,1,2018-01-01,227.5
Abia,2018,Feb,2,2018-02-01,191.13
Abia,2018,Mar,3,2018-03-01,164.5
Abia,2018,Apr,4,2018-04-01,147.55
Abia,2018,May,5,2018-05-01,145.45
Abia,2018,Jun,6,2018-06-01,146.33
Abia,2018,Jul,7,2018-07-01,146.5
Abia,2018,Aug,8,2018-08-01,147.0
Abia,2018,Sep,9,2018-09-01,146.3
Abia,2018,Oct,10,2018-10-01,147.67
Abia,2018,Nov,11,2018-11-01,150.67
Abia,2018,Dec,12,2018-12-01,144.72
Abia,2019,Jan,1,2019-01-01,144.65
Abia,2019,Feb,2,2019-02-01,145.93
Abia,2019,Mar,3,2019-03-01,146.12
Abia,2019,Apr,4,2019-04-01,146.29
Abia,2019,May,5,2019-05-01,145.64
Abia,2021,Sep,9,2021-09-01,172.5
Abia,2021,Oct,10,2021-10-01,170.25
Abia,2021,Dec,12,2021-12-01,166.33
Abia,2022,Jan,1,2022-01-01,177.33
Abia,2022,Feb,2,2022-02-01,178.23
Abia,2022,Mar,3,2022-03-01,210.31
Abia,2022,Apr,4,2022-04-01,195.27
Abia,2022,May,5,2022-05-01,193.2
Abia,2022,Jun,6,2022-06-01,179.67
Abia,2022,Jul,7,2022-07-01,185.73
Abia,2022,Aug,8,2022-08-01,185.0
Abia,2022,Sep,9,2022-09-01,187.33
Abia,2022,Oct,10,2022-10-01,186.56
Abia,2022,Nov,11,2022-11-01,195.22
Abia,2022,Dec,12,2022-12-01,166.33
Abia,2023,Jan,1,2023-01-01,300.69
Abia,2023,Feb,2,2023-02-01,217.15
Abia,2023,Mar,3,2023-03-01,300.54
Abia,2023,Apr,4,2023-04-01,284.29
Abia,2023,May,5,2023-05-01,236.25
Abia,2023,Jun,6,2023-06-01,552.73
Abia,2023,Jul,7,2023-07-01,643.12
Abia,2023,Aug,8,2023-08-01,631.33
Abia,2023,Sep,9,2023-09-01,630.64
Abia,2023,Oct,10,2023-10-01,621.25
Abia,2023,Nov,11,2023-11-01,654.36
Abia,2023,Dec,12,2023-12-01,690.53
Abia,2024,Jan,1,2024-01-01,687.5
Abia,2024,Feb,2,2024-02-01,688.62
Abia,2024,Mar,3,2024-03-01,710.83
Abia,2024,Apr,4,2024-04-01,706.0
Abia,2024,May,5,2024-05-01,770.0
Abia,2024,Jun,6,2024-06-01,794.91
Abia,2024,Jul,7,2024-07-01,797.42
Abia,2024,Aug,8,2024-08-01,887.72
Abia,2024,Sep,9,2024-09-01,1009.0
Abia,2024,Oct,10,2024-10-01,1278.12
Abuja,2021,Sep,9,2021-09-01,164.5
Abuja,2021,Oct,10,2021-10-01,162.8
Abuja,2021,Dec,12,2021-12-01,166.03
Abuja,2022,Jan,1,2022-01-01,164.6
Abuja,2022,Feb,2,2022-02-01,167.5
Abuja,2022,Mar,3,2022-03-01,169.0
Abuja,2022,Apr,4,2022-04-01,165.42
Abuja,2022,May,5,2022-05-01,172.6
Abuja,2022,Jun,6,2022-06-01,170.0
Abuja,2022,Jul,7,2022-07-01,185.5
Abuja,2022,Aug,8,2022-08-01,188.0
Abuja,2022,Sep,9,2022-09-01,188.44
Abuja,2022,Oct,10,2022-10-01,189.0
Abuja,2022,Nov,11,2022-11-01,193.5
Abuja,2022,Dec,12,2022-12-01,164.6
Abuja,2023,Jan,1,2023-01-01,229.0
Abuja,2023,Feb,2,2023-02-01,229.0
Abuja,2023,Mar,3,2023-03-01,222.91
Abuja,2023,Apr,4,2023-04-01,220.45
Abuja,2023,May,5,2023-05-01,195.0
Abuja,2023,Jun,6,2023-06-01,539.14
Abuja,2023,Jul,7,2023-07-01,616.83
Abuja,2023,Aug,8,2023-08-01,617.6
Abuja,2023,Sep,9,2023-09-01,617.78
Abuja,2023,Oct,10,2023-10-01,637.2
Abuja,2023,Nov,11,2023-11-01,640.0
Abuja,2023,Dec,12,2023-12-01,663.33
Abuja,2024,Jan,1,2024-01-01,632.12
Abuja,2024,Feb,2,2024-02-01,653.2
Abuja,2024,Mar,3,2024-03-01,695.6
Abuja,2024,Apr,4,2024-04-01,670.0
Abuja,2024,May,5,2024-05-01,662.73
Abuja,2024,Jun,6,2024-06-01,696.0
Abuja,2024,Jul,7,2024-07-01,677.0
Abuja,2024,Aug,8,2024-08-01,705.25
Abuja,2024,Sep,9,2024-09-01,1025.0
Abuja,2024,Oct,10,2024-10-01,1124.61
Adamawa,2016,Jan,1,2016-01-01,93.5
Adamawa,2017,Mar,3,2017-03-01,153.3
Adamawa,2017,Apr,4,2017-04-01,157.0
Adamawa,2017,May,5,2017-05-01,160.0
Adamawa,2017,Jun,6,2017-06-01,162.5
Adamawa,2017,Jul,7,2017-07-01,160.0
Adamawa,2017,Aug,8,2017-08-01,144.0
Adamawa,2017,Sep,9,2017-09-01,143.0
Adamawa,2017,Oct,10,2017-10-01,146.67
Adamawa,2017,Nov,11,2017-11-01,145.0
Adamawa,2017,Dec,12,2017-12-01,170.0
Adamawa,2018,Jan,1,2018-01-01,170.0
Adamawa,2018,Feb,2,2018-02-01,150.0
Adamawa,2018,Mar,3,2018-03-01,173.0
Adamawa,2018,Apr,4,2018-04-01,160.33
Adamawa,2018,May,5,2018-05-01,150.11
Adamawa,2018,Jun,6,2018-06-01,145.0
Adamawa,2018,Jul,7,2018-07-01,145.29
Adamawa,2018,Aug,8,2018-08-01,148.33
Adamawa,2018,Sep,9,2018-09-01,150.0
Adamawa,2018,Oct,10,2018-10-01,150.83
Adamawa,2018,Nov,11,2018-11-01,149.33
Adamawa,2018,Dec,12,2018-12-01,145.0
Adamawa,2019,Jan,1,2019-01-01,145.0
Adamawa,2019,Feb,2,2019-02-01,143.78
Adamawa,2019,Mar,3,2019-03-01,145.14
Adamawa,2019,Apr,4,2019-04-01,146.6
Adamawa,2019,May,5,2019-05-01,145.44
Adamawa,2021,Sep,9,2021-09-01,166.4
Adamawa,2021,Oct,10,2021-10-01,167.08
Adamawa,2021,Dec,12,2021-12-01,165.65
Adamawa,2022,Jan,1,2022-01-01,159.89
Adamawa,2022,Feb,2,2022-02-01,169.0
Adamawa,2022,Mar,3,2022-03-01,176.62
Adamawa,2022,Apr,4,2022-04-01,165.29
Adamawa,2022,May,5,2022-05-01,166.4
Adamawa,2022,Jun,6,2022-06-01,190.67
Adamawa,2022,Jul,7,2022-07-01,207.57
Adamawa,2022,Aug,8,2022-08-01,179.0
Adamawa,2022,Sep,9,2022-09-01,189.17
Adamawa,2022,Oct,10,2022-10-01,200.33
Adamawa,2022,Nov,11,2022-11-01,205.4
Adamawa,2022,Dec,12,2022-12-01,164.44
Adamawa,2023,Jan,1,2023-01-01,260.5
Adamawa,2023,Feb,2,2023-02-01,202.5
Adamawa,2023,Mar,3,2023-03-01,305.33
Adamawa,2023,Apr,4,2023-04-01,291.25
Adamawa,2023,May,5,2023-05-01,238.89
Adamawa,2023,Jun,6,2023-06-01,551.25
Adamawa,2023,Jul,7,2023-07-01,630.0
Adamawa,2023,Aug,8,2023-08-01,594.81
Adamawa,2023,Sep,9,2023-09-01,621.43
Adamawa,2023,Oct,10,2023-10-01,615.71
Adamawa,2023,Nov,11,2023-11-01,638.38
Adamawa,2023,Dec,12,2023-12-01,745.71
Adamawa,2024,Jan,1,2024-01-01,671.4
Adamawa,2024,Feb,2,2024-02-01,680.42
Adamawa,2024,Mar,3,2024-03-01,735.0
Adamawa,2024,Apr,4,2024-04-01,741.67
Adamawa,2024,May,5,2024-05-01,798.6
Adamawa,2024,Jun,6,2024-06-01,741.67
Adamawa,2024,Jul,7,2024-07-01,809.73
Adamawa,2024,Aug,8,2024-08-01,879.56
Adamawa,2024,Sep,9,2024-09-01,1082.5
Adamawa,2024,Oct,10,2024-10-01,1210.92
Akwa Ibom,2016,Jan,1,2016-01-01,120.0
Akwa Ibom,2017,Mar,3,2017-03-01,149.3
Akwa Ibom,2017,Apr,4,2017-04-01,148.0
Akwa Ibom,2017,May,5,2017-05-01,149.4
Akwa Ibom,2017,Jun,6,2017-06-01,149.6
Akwa Ibom,2017,Jul,7,2017-07-01,145.0
Akwa Ibom,2017,Aug,8,2017-08-01,144.6
Akwa Ibom,2017,Sep,9,2017-09-01,143.3
Akwa Ibom,2017,Oct,10,2017-10-01,146.0
Akwa Ibom,2017,Nov,11,2017-11-01,150.33
Akwa Ibom,2017,Dec,12,2017-12-01,166.5
Akwa Ibom,2018,Jan,1,2018-01-01,201.25
Akwa Ibom,2018,Feb,2,2018-02-01,183.89
Akwa Ibom,2018,Mar,3,2018-03-01,164.0
Akwa Ibom,2018,Apr,4,2018-04-01,154.0
Akwa Ibom,2018,May,5,2018-05-01,159.44
Akwa Ibom,2018,Jun,6,2018-06-01,145.0
Akwa Ibom,2018,Jul,7,2018-07-01,145.58
Akwa Ibom,2018,Aug,8,2018-08-01,145.42
Akwa Ibom,2018,Sep,9,2018-09-01,145.5
Akwa Ibom,2018,Oct,10,2018-10-01,145.0
Akwa Ibom,2018,Nov,11,2018-11-01,144.55
Akwa Ibom,2018,Dec,12,2018-12-01,145.0
Akwa Ibom,2019,Jan,1,2019-01-01,145.0
Akwa Ibom,2019,Feb,2,2019-02-01,144.78
Akwa Ibom,2019,Mar,3,2019-03-01,145.0
Akwa Ibom,2019,Apr,4,2019-04-01,145.91
Akwa Ibom,2019,May,5,2019-05-01,145.5
Akwa Ibom,2021,Sep,9,2021-09-01,165.08
Akwa Ibom,2021,Oct,10,2021-10-01,164.75
Akwa Ibom,2021,Dec,12,2021-12-01,164.88
Akwa Ibom,2022,Jan,1,2022-01-01,168.36
Akwa Ibom,2022,Feb,2,2022-02-01,168.36
Akwa Ibom,2022,Mar,3,2022-03-01,197.31
Akwa Ibom,2022,Apr,4,2022-04-01,194.53
Akwa Ibom,2022,May,5,2022-05-01,180.75
Akwa Ibom,2022,Jun,6,2022-06-01,176.0
Akwa Ibom,2022,Jul,7,2022-07-01,186.25
Akwa Ibom,2022,Aug,8,2022-08-01,185.0
Akwa Ibom,2022,Sep,9,2022-09-01,187.78
Akwa Ibom,2022,Oct,10,2022-10-01,188.45
Akwa Ibom,2022,Nov,11,2022-11-01,189.33
Akwa Ibom,2022,Dec,12,2022-12-01,167.8
Akwa Ibom,2023,Jan,1,2023-01-01,319.0
Akwa Ibom,2023,Feb,2,2023-02-01,236.54
Akwa Ibom,2023,Mar,3,2023-03-01,305.56
Akwa Ibom,2023,Apr,4,2023-04-01,295.88
Akwa Ibom,2023,May,5,2023-05-01,239.0
Akwa Ibom,2023,Jun,6,2023-06-01,541.0
Akwa Ibom,2023,Jul,7,2023-07-01,558.75
Akwa Ibom,2023,Aug,8,2023-08-01,642.5
Akwa Ibom,2023,Sep,9,2023-09-01,636.67
Akwa Ibom,2023,Oct,10,2023-10-01,633.33
Akwa Ibom,2023,Nov,11,2023-11-01,675.0
Akwa Ibom,2023,Dec,12,2023-12-01,671.67
Akwa Ibom,2024,Jan,1,2024-01-01,677.0
Akwa Ibom,2024,Feb,2,2024-02-01,678.0
Akwa Ibom,2024,Mar,3,2024-03-01,704.44
Akwa Ibom,2024,Apr,4,2024-04-01,692.5
Akwa Ibom,2024,May,5,2024-05-01,790.0
Akwa Ibom,2024,Jun,6,2024-06-01,807.78
Akwa Ibom,2024,Jul,7,2024-07-01,673.75
Akwa Ibom,2024,Aug,8,2024-08-01,681.43
Akwa Ibom,2024,Sep,9,2024-09-01,1085.71
Akwa Ibom,2024,Oct,10,2024-10-01,1258.33
Anambra,2016,Jan,1,2016-01-01,119.8
Anambra,2017,Mar,3,2017-03-01,148.0
Anambra,2017,Apr,4,2017-04-01,148.0
Anambra,2017,May,5,2017-05-01,147.9
Anambra,2017,Jun,6,2017-06-01,148.3
Anambra,2017,Jul,7,2017-07-01,147.1
Anambra,2017,Aug,8,2017-08-01,144.6
Anambra,2017,Sep,9,2017-09-01,144.1
Anambra,2017,Oct,10,2017-10-01,145.71
Anambra,2017,Nov,11,2017-11-01,145.86
Anambra,2017,Dec,12,2017-12-01,210.0
Anambra,2018,Jan,1,2018-01-01,211.67
Anambra,2018,Feb,2,2018-02-01,183.67
Anambra,2018,Mar,3,2018-03-01,166.88
Anambra,2018,Apr,4,2018-04-01,151.33
Anambra,2018,May,5,2018-05-01,150.87
Anambra,2018,Jun,6,2018-06-01,151.43
Anambra,2018,Jul,7,2018-07-01,145.85
Anambra,2018,Aug,8,2018-08-01,145.14
Anambra,2018,Sep,9,2018-09-01,144.88
Anambra,2018,Oct,10,2018-10-01,145.0
Anambra,2018,Nov,11,2018-11-01,145.0
Anambra,2018,Dec,12,2018-12-01,145.42
Anambra,2019,Jan,1,2019-01-01,144.9
Anambra,2019,Feb,2,2019-02-01,144.87
Anambra,2019,Mar,3,2019-03-01,144.57
Anambra,2019,Apr,4,2019-04-01,146.9
Anambra,2019,May,5,2019-05-01,145.62
Anambra,2021,Sep,9,2021-09-01,162.69
Anambra,2021,Oct,10,2021-10-01,165.0
Anambra,2021,Dec,12,2021-12-01,167.38
Anambra,2022,Jan,1,2022-01-01,169.33
Anambra,2022,Feb,2,2022-02-01,184.09
Anambra,2022,Mar,3,2022-03-01,204.67
Anambra,2022,Apr,4,2022-04-01,170.33
Anambra,2022,May,5,2022-05-01,181.33
Anambra,2022,Jun,6,2022-06-01,177.14
Anambra,2022,Jul,7,2022-07-01,185.67
Anambra,2022,Aug,8,2022-08-01,194.52
Anambra,2022,Sep,9,2022-09-01,191.67
Anambra,2022,Oct,10,2022-10-01,192.6
Anambra,2022,Nov,11,2022-11-01,206.11
Anambra,2022,Dec,12,2022-12-01,166.36
Anambra,2023,Jan,1,2023-01-01,306.94
Anambra,2023,Feb,2,2023-02-01,229.38
Anambra,2023,Mar,3,2023-03-01,286.11
Anambra,2023,Apr,4,2023-04-01,271.82
Anambra,2023,May,5,2023-05-01,224.29
Anambra,2023,Jun,6,2023-06-01,534.44
Anambra,2023,Jul,7,2023-07-01,613.08
Anambra,2023,Aug,8,2023-08-01,620.47
Anambra,2023,Sep,9,2023-09-01,619.23
Anambra,2023,Oct,10,2023-10-01,623.67
Anambra,2023,Nov,11,2023-11-01,659.17
Anambra,2023,Dec,12,2023-12-01,680.0
Anambra,2024,Jan,1,2024-01-01,680.0
Anambra,2024,Feb,2,2024-02-01,685.17
Anambra,2024,Mar,3,2024-03-01,701.25
Anambra,2024,Apr,4,2024-04-01,707.86
Anambra,2024,May,5,2024-05-01,766.94
Anambra,2024,Jun,6,2024-06-01,779.42
Anambra,2024,Jul,7,2024-07-01,781.99
Anambra,2024,Aug,8,2024-08-01,883.73
Anambra,2024,Sep,9,2024-09-01,1084.16
Anambra,2024,Oct,10,2024-10-01,1283.12
Bauchi,2016,Jan,1,2016-01-01,117.3
Bauchi,2017,Mar,3,2017-03-01,147.8
Bauchi,2017,Apr,4,2017-04-01,151.0
Bauchi,2017,May,5,2017-05-01,147.5
Bauchi,2017,Jun,6,2017-06-01,152.5
Bauchi,2017,Jul,7,2017-07-01,145.4
Bauchi,2017,Aug,8,2017-08-01,145.0
Bauchi,2017,Sep,9,2017-09-01,144.6
Bauchi,2017,Oct,10,2017-10-01,147.38
Bauchi,2017,Nov,11,2017-11-01,144.9
Bauchi,2017,Dec,12,2017-12-01,159.75
Bauchi,2018,Jan,1,2018-01-01,186.88
Bauchi,2018,Feb,2,2018-02-01,151.0
Bauchi,2018,Mar,3,2018-03-01,145.57
Bauchi,2018,Apr,4,2018-04-01,144.17
Bauchi,2018,May,5,2018-05-01,144.93
Bauchi,2018,Jun,6,2018-06-01,147.9
Bauchi,2018,Jul,7,2018-07-01,145.4
Bauchi,2018,Aug,8,2018-08-01,143.89
Bauchi,2018,Sep,9,2018-09-01,144.0
Bauchi,2018,Oct,10,2018-10-01,144.57
Bauchi,2018,Nov,11,2018-11-01,144.46
Bauchi,2018,Dec,12,2018-12-01,144.2
Bauchi,2019,Jan,1,2019-01-01,145.25
Bauchi,2019,Feb,2,2019-02-01,144.5
Bauchi,2019,Mar,3,2019-03-01,143.89
Bauchi,2019,Apr,4,2019-04-01,145.67
Bauchi,2019,May,5,2019-05-01,144.5
Bauchi,2021,Sep,9,2021-09-01,162.91
Bauchi,2021,Oct,10,2021-10-01,164.14
Bauchi,2021,Dec,12,2021-12-01,166.16
Bauchi,2022,Jan,1,2022-01-01,166.0
Bauchi,2022,Feb,2,2022-02-01,170.71
Bauchi,2022,Mar,3,2022-03-01,182.12
Bauchi,2022,Apr,4,2022-04-01,166.27
Bauchi,2022,May,5,2022-05-01,165.71
Bauchi,2022,Jun,6,2022-06-01,180.33
Bauchi,2022,Jul,7,2022-07-01,200.89
Bauchi,2022,Aug,8,2022-08-01,178.5
Bauchi,2022,Sep,9,2022-09-01,185.89
Bauchi,2022,Oct,10,2022-10-01,193.89
Bauchi,2022,Nov,11,2022-11-01,195.14
Bauchi,2022,Dec,12,2022-12-01,166.67
Bauchi,2023,Jan,1,2023-01-01,245.4
Bauchi,2023,Feb,2,2023-02-01,217.5
Bauchi,2023,Mar,3,2023-03-01,273.0
Bauchi,2023,Apr,4,2023-04-01,256.25
Bauchi,2023,May,5,2023-05-01,205.56
Bauchi,2023,Jun,6,2023-06-01,547.78
Bauchi,2023,Jul,7,2023-07-01,617.0
Bauchi,2023,Aug,8,2023-08-01,627.11
Bauchi,2023,Sep,9,2023-09-01,626.38
Bauchi,2023,Oct,10,2023-10-01,650.0
Bauchi,2023,Nov,11,2023-11-01,650.0
Bauchi,2023,Dec,12,2023-12-01,675.29
Bauchi,2024,Jan,1,2024-01-01,650.0
Bauchi,2024,Feb,2,2024-02-01,688.57
Bauchi,2024,Mar,3,2024-03-01,707.14
Bauchi,2024,Apr,4,2024-04-01,718.75
Bauchi,2024,May,5,2024-05-01,693.81
Bauchi,2024,Jun,6,2024-06-01,718.75
Bauchi,2024,Jul,7,2024-07-01,816.25
Bauchi,2024,Aug,8,2024-08-01,935.71
Bauchi,2024,Sep,9,2024-09-01,1043.91
Bauchi,2024,Oct,10,2024-10-01,1194.29
Bayelsa,2016,Jan,1,2016-01-01,96.1
Bayelsa,2017,Mar,3,2017-03-01,161.3
Bayelsa,2017,Apr,4,2017-04-01,159.0
Bayelsa,2017,May,5,2017-05-01,153.5
Bayelsa,2017,Jun,6,2017-06-01,160.4
Bayelsa,2017,Jul,7,2017-07-01,145.0
Bayelsa,2017,Aug,8,2017-08-01,144.8
Bayelsa,2017,Sep,9,2017-09-01,147.1
Bayelsa,2017,Oct,10,2017-10-01,147.08
Bayelsa,2017,Nov,11,2017-11-01,150.5
Bayelsa,2017,Dec,12,2017-12-01,172.69
Bayelsa,2018,Jan,1,2018-01-01,187.14
Bayelsa,2018,Feb,2,2018-02-01,206.82
Bayelsa,2018,Mar,3,2018-03-01,178.0
Bayelsa,2018,Apr,4,2018-04-01,158.0
Bayelsa,2018,May,5,2018-05-01,154.62
Bayelsa,2018,Jun,6,2018-06-01,152.92
Bayelsa,2018,Jul,7,2018-07-01,151.67
Bayelsa,2018,Aug,8,2018-08-01,151.0
Bayelsa,2018,Sep,9,2018-09-01,150.0
Bayelsa,2018,Oct,10,2018-10-01,148.0
Bayelsa,2018,Nov,11,2018-11-01,147.08
Bayelsa,2018,Dec,12,2018-12-01,150.0
Bayelsa,2019,Jan,1,2019-01-01,145.78
Bayelsa,2019,Feb,2,2019-02-01,145.25
Bayelsa,2019,Mar,3,2019-03-01,145.25
Bayelsa,2019,Apr,4,2019-04-01,148.64
Bayelsa,2019,May,5,2019-05-01,146.0
Bayelsa,2021,Sep,9,2021-09-01,162.67
Bayelsa,2021,Oct,10,2021-10-01,164.67
Bayelsa,2021,Dec,12,2021-12-01,165.47
Bayelsa,2022,Jan,1,2022-01-01,165.6
Bayelsa,2022,Feb,2,2022-02-01,167.73
Bayelsa,2022,Mar,3,2022-03-01,203.53
Bayelsa,2022,Apr,4,2022-04-01,168.5
Bayelsa,2022,May,5,2022-05-01,167.08
Bayelsa,2022,Jun,6,2022-06-01,168.29
Bayelsa,2022,Jul,7,2022-07-01,180.0
Bayelsa,2022,Aug,8,2022-08-01,178.89
Bayelsa,2022,Sep,9,2022-09-01,204.27
Bayelsa,2022,Oct,10,2022-10-01,205.0
Bayelsa,2022,Nov,11,2022-11-01,200.0
Bayelsa,2022,Dec,12,2022-12-01,165.47
Bayelsa,2023,Jan,1,2023-01-01,305.0
Bayelsa,2023,Feb,2,2023-02-01,213.0
Bayelsa,2023,Mar,3,2023-03-01,296.5
Bayelsa,2023,Apr,4,2023-04-01,282.5
Bayelsa,2023,May,5,2023-05-01,250.0
Bayelsa,2023,Jun,6,2023-06-01,540.5
Bayelsa,2023,Jul,7,2023-07-01,548.0
Bayelsa,2023,Aug,8,2023-08-01,620.56
Bayelsa,2023,Sep,9,2023-09-01,624.0
Bayelsa,2023,Oct,10,2023-10-01,626.11
Bayelsa,2023,Nov,11,2023-11-01,656.67
Bayelsa,2023,Dec,12,2023-12-01,667.11
Bayelsa,2024,Jan,1,2024-01-01,673.0
Bayelsa,2024,Feb,2,2024-02-01,680.0
Bayelsa,2024,Mar,3,2024-03-01,702.0
Bayelsa,2024,Apr,4,2024-04-01,689.0
Bayelsa,2024,May,5,2024-05-01,791.0
Bayelsa,2024,Jun,6,2024-06-01,797.27
Bayelsa,2024,Jul,7,2024-07-01,684.0
Bayelsa,2024,Aug,8,2024-08-01,680.0
Bayelsa,2024,Sep,9,2024-09-01,1002.73
Bayelsa,2024,Oct,10,2024-10-01,1250.0
Benue,2016,Jan,1,2016-01-01,121.7
Benue,2017,Mar,3,2017-03-01,152.5
Benue,2017,Apr,4,2017-04-01,155.0
Benue,2017,May,5,2017-05-01,158.2
Benue,2017,Jun,6,2017-06-01,151.3
Benue,2017,Jul,7,2017-07-01,159.1
Benue,2017,Aug,8,2017-08-01,143.5
Benue,2017,Sep,9,2017-09-01,143.6
Benue,2017,Oct,10,2017-10-01,150.83
Benue,2017,Nov,11,2017-11-01,145.5
Benue,2017,Dec,12,2017-12-01,172.67
Benue,2018,Jan,1,2018-01-01,223.33
Benue,2018,Feb,2,2018-02-01,155.0
Benue,2018,Mar,3,2018-03-01,153.53
Benue,2018,Apr,4,2018-04-01,156.25
Benue,2018,May,5,2018-05-01,160.31
Benue,2018,Jun,6,2018-06-01,146.43
Benue,2018,Jul,7,2018-07-01,146.3
Benue,2018,Aug,8,2018-08-01,145.5
Benue,2018,Sep,9,2018-09-01,150.4
Benue,2018,Oct,10,2018-10-01,153.33
Benue,2018,Nov,11,2018-11-01,150.43
Benue,2018,Dec,12,2018-12-01,146.6
Benue,2019,Jan,1,2019-01-01,150.09
Benue,2019,Feb,2,2019-02-01,146.09
Benue,2019,Mar,3,2019-03-01,144.75
Benue,2019,Apr,4,2019-04-01,145.83
Benue,2019,May,5,2019-05-01,143.6
Benue,2021,Sep,9,2021-09-01,166.21
Benue,2021,Oct,10,2021-10-01,169.0
Benue,2021,Dec,12,2021-12-01,164.87
Benue,2022,Jan,1,2022-01-01,166.43
Benue,2022,Feb,2,2022-02-01,165.36
Benue,2022,Mar,3,2022-03-01,165.5
Benue,2022,Apr,4,2022-04-01,168.33
Benue,2022,May,5,2022-05-01,165.5
Benue,2022,Jun,6,2022-06-01,165.0
Benue,2022,Jul,7,2022-07-01,185.15
Benue,2022,Aug,8,2022-08-01,202.5
Benue,2022,Sep,9,2022-09-01,200.0
Benue,2022,Oct,10,2022-10-01,200.13
Benue,2022,Nov,11,2022-11-01,210.44
Benue,2022,Dec,12,2022-12-01,165.2
Benue,2023,Jan,1,2023-01-01,202.5
Benue,2023,Feb,2,2023-02-01,192.14
Benue,2023,Mar,3,2023-03-01,195.0
Benue,2023,Apr,4,2023-04-01,198.12
Benue,2023,May,5,2023-05-01,208.12
Benue,2023,Jun,6,2023-06-01,540.0
Benue,2023,Jul,7,2023-07-01,537.0
Benue,2023,Aug,8,2023-08-01,649.14
Benue,2023,Sep,9,2023-09-01,641.29
Benue,2023,Oct,10,2023-10-01,642.0
Benue,2023,Nov,11,2023-11-01,668.75
Benue,2023,Dec,12,2023-12-01,658.89
Benue,2024,Jan,1,2024-01-01,632.84
Benue,2024,Feb,2,2024-02-01,652.73
Benue,2024,Mar,3,2024-03-01,700.7
Benue,2024,Apr,4,2024-04-01,713.64
Benue,2024,May,5,2024-05-01,882.22
Benue,2024,Jun,6,2024-06-01,854.55
Benue,2024,Jul,7,2024-07-01,846.95
Benue,2024,Aug,8,2024-08-01,941.24
Benue,2024,Sep,9,2024-09-01,1032.88
Benue,2024,Oct,10,2024-10-01,1127.37
Borno,2016,Jan,1,2016-01-01,96.4
Borno,2017,Mar,3,2017-03-01,151.0
Borno,2017,Apr,4,2017-04-01,160.5
Borno,2017,May,5,2017-05-01,160.0
Borno,2017,Jun,6,2017-06-01,152.9
Borno,2017,Jul,7,2017-07-01,160.5
Borno,2017,Aug,8,2017-08-01,144.5
Borno,2017,Sep,9,2017-09-01,144.4
Borno,2017,Oct,10,2017-10-01,145.23
Borno,2017,Nov,11,2017-11-01,147.0
Borno,2017,Dec,12,2017-12-01,159.44
Borno,2018,Jan,1,2018-01-01,185.48
Borno,2018,Feb,2,2018-02-01,200.29
Borno,2018,Mar,3,2018-03-01,169.55
Borno,2018,Apr,4,2018-04-01,160.0
Borno,2018,May,5,2018-05-01,166.08
Borno,2018,Jun,6,2018-06-01,162.17
Borno,2018,Jul,7,2018-07-01,155.0
Borno,2018,Aug,8,2018-08-01,157.0
Borno,2018,Sep,9,2018-09-01,147.0
Borno,2018,Oct,10,2018-10-01,152.17
Borno,2018,Nov,11,2018-11-01,152.92
Borno,2018,Dec,12,2018-12-01,149.5
Borno,2019,Jan,1,2019-01-01,145.63
Borno,2019,Feb,2,2019-02-01,145.89
Borno,2019,Mar,3,2019-03-01,146.27
Borno,2019,Apr,4,2019-04-01,146.82
Borno,2019,May,5,2019-05-01,144.36
Borno,2021,Sep,9,2021-09-01,164.0
Borno,2021,Oct,10,2021-10-01,165.18
Borno,2021,Dec,12,2021-12-01,165.77
Borno,2022,Jan,1,2022-01-01,155.82
Borno,2022,Feb,2,2022-02-01,170.0
Borno,2022,Mar,3,2022-03-01,184.18
Borno,2022,Apr,4,2022-04-01,165.86
Borno,2022,May,5,2022-05-01,167.42
Borno,2022,Jun,6,2022-06-01,190.33
Borno,2022,Jul,7,2022-07-01,185.38
Borno,2022,Aug,8,2022-08-01,179.18
Borno,2022,Sep,9,2022-09-01,184.5
Borno,2022,Oct,10,2022-10-01,192.3
Borno,2022,Nov,11,2022-11-01,193.18
Borno,2022,Dec,12,2022-12-01,165.75
Borno,2023,Jan,1,2023-01-01,193.91
Borno,2023,Feb,2,2023-02-01,232.33
Borno,2023,Mar,3,2023-03-01,324.55
Borno,2023,Apr,4,2023-04-01,289.09
Borno,2023,May,5,2023-05-01,248.18
Borno,2023,Jun,6,2023-06-01,557.14
Borno,2023,Jul,7,2023-07-01,657.27
Borno,2023,Aug,8,2023-08-01,657.27
Borno,2023,Sep,9,2023-09-01,657.37
Borno,2023,Oct,10,2023-10-01,657.27
Borno,2023,Nov,11,2023-11-01,625.75
Borno,2023,Dec,12,2023-12-01,622.71
Borno,2024,Jan,1,2024-01-01,657.27
Borno,2024,Feb,2,2024-02-01,680.22
Borno,2024,Mar,3,2024-03-01,721.75
Borno,2024,Apr,4,2024-04-01,743.91
Borno,2024,May,5,2024-05-01,800.32
Borno,2024,Jun,6,2024-06-01,743.91
Borno,2024,Jul,7,2024-07-01,829.46
Borno,2024,Aug,8,2024-08-01,893.29
Borno,2024,Sep,9,2024-09-01,1004.09
Borno,2024,Oct,10,2024-10-01,1283.79
Cross River,2016,Jan,1,2016-01-01,115.2
Cross River,2017,Mar,3,2017-03-01,148.1
Cross River,2017,Apr,4,2017-04-01,148.0
Cross River,2017,May,5,2017-05-01,149.6
Cross River,2017,Jun,6,2017-06-01,148.4
Cross River,2017,Jul,7,2017-07-01,145.0
Cross River,2017,Aug,8,2017-08-01,143.4
Cross River,2017,Sep,9,2017-09-01,144.0
Cross River,2017,Oct,10,2017-10-01,148.4
Cross River,2017,Nov,11,2017-11-01,145.0
Cross River,2017,Dec,12,2017-12-01,207.14
Cross River,2018,Jan,1,2018-01-01,175.38
Cross River,2018,Feb,2,2018-02-01,187.63
Cross River,2018,Mar,3,2018-03-01,174.5
Cross River,2018,Apr,4,2018-04-01,154.5
Cross River,2018,May,5,2018-05-01,151.58
Cross River,2018,Jun,6,2018-06-01,145.75
Cross River,2018,Jul,7,2018-07-01,145.56
Cross River,2018,Aug,8,2018-08-01,147.92
Cross River,2018,Sep,9,2018-09-01,150.0
Cross River,2018,Oct,10,2018-10-01,149.22
Cross River,2018,Nov,11,2018-11-01,147.55
Cross River,2018,Dec,12,2018-12-01,145.0
Cross River,2019,Jan,1,2019-01-01,144.69
Cross River,2019,Feb,2,2019-02-01,145.07
Cross River,2019,Mar,3,2019-03-01,146.5
Cross River,2019,Apr,4,2019-04-01,147.41
Cross River,2019,May,5,2019-05-01,145.78
Cross River,2021,Sep,9,2021-09-01,165.86
Cross River,2021,Oct,10,2021-10-01,165.33
Cross River,2021,Dec,12,2021-12-01,167.18
Cross River,2022,Jan,1,2022-01-01,172.38
Cross River,2022,Feb,2,2022-02-01,168.88
Cross River,2022,Mar,3,2022-03-01,214.41
Cross River,2022,Apr,4,2022-04-01,175.09
Cross River,2022,May,5,2022-05-01,187.65
Cross River,2022,Jun,6,2022-06-01,178.89
Cross River,2022,Jul,7,2022-07-01,193.18
Cross River,2022,Aug,8,2022-08-01,186.5
Cross River,2022,Sep,9,2022-09-01,186.36
Cross River,2022,Oct,10,2022-10-01,190.4
Cross River,2022,Nov,11,2022-11-01,195.12
Cross River,2022,Dec,12,2022-12-01,167.18
Cross River,2023,Jan,1,2023-01-01,261.67
Cross River,2023,Feb,2,2023-02-01,260.5
Cross River,2023,Mar,3,2023-03-01,263.33
Cross River,2023,Apr,4,2023-04-01,267.22
Cross River,2023,May,5,2023-05-01,230.0
Cross River,2023,Jun,6,2023-06-01,549.0
Cross River,2023,Jul,7,2023-07-01,569.38
Cross River,2023,Aug,8,2023-08-01,618.67
Cross River,2023,Sep,9,2023-09-01,621.73
Cross River,2023,Oct,10,2023-10-01,610.5
Cross River,2023,Nov,11,2023-11-01,666.0
Cross River,2023,Dec,12,2023-12-01,679.0
Cross River,2024,Jan,1,2024-01-01,663.33
Cross River,2024,Feb,2,2024-02-01,665.62
Cross River,2024,Mar,3,2024-03-01,710.0
Cross River,2024,Apr,4,2024-04-01,682.78
Cross River,2024,May,5,2024-05-01,740.0
Cross River,2024,Jun,6,2024-06-01,793.33
Cross River,2024,Jul,7,2024-07-01,677.78
Cross River,2024,Aug,8,2024-08-01,672.0
Cross River,2024,Sep,9,2024-09-01,1005.56
Cross River,2024,Oct,10,2024-10-01,1255.56
Delta,2016,Jan,1,2016-01-01,98.5
Delta,2017,Mar,3,2017-03-01,145.0
Delta,2017,Apr,4,2017-04-01,146.0
Delta,2017,May,5,2017-05-01,145.0
Delta,2017,Jun,6,2017-06-01,145.8
Delta,2017,Jul,7,2017-07-01,145.0
Delta,2017,Aug,8,2017-08-01,144.7
Delta,2017,Sep,9,2017-09-01,144.6
Delta,2017,Oct,10,2017-10-01,145.0
Delta,2017,Nov,11,2017-11-01,145.86
Delta,2017,Dec,12,2017-12-01,175.0
Delta,2018,Jan,1,2018-01-01,202.65
Delta,2018,Feb,2,2018-02-01,170.71
Delta,2018,Mar,3,2018-03-01,171.5
Delta,2018,Apr,4,2018-04-01,146.67
Delta,2018,May,5,2018-05-01,147.69
Delta,2018,Jun,6,2018-06-01,145.0
Delta,2018,Jul,7,2018-07-01,145.0
Delta,2018,Aug,8,2018-08-01,145.0
Delta,2018,Sep,9,2018-09-01,150.92
Delta,2018,Oct,10,2018-10-01,150.67
Delta,2018,Nov,11,2018-11-01,144.82
Delta,2018,Dec,12,2018-12-01,145.0
Delta,2019,Jan,1,2019-01-01,144.85
Delta,2019,Feb,2,2019-02-01,145.38
Delta,2019,Mar,3,2019-03-01,145.0
Delta,2019,Apr,4,2019-04-01,145.27
Delta,2019,May,5,2019-05-01,144.73
Delta,2021,Sep,9,2021-09-01,163.09
Delta,2021,Oct,10,2021-10-01,163.5
Delta,2021,Dec,12,2021-12-01,163.75
Delta,2022,Jan,1,2022-01-01,166.73
Delta,2022,Feb,2,2022-02-01,165.42
Delta,2022,Mar,3,2022-03-01,204.82
Delta,2022,Apr,4,2022-04-01,170.63
Delta,2022,May,5,2022-05-01,169.91
Delta,2022,Jun,6,2022-06-01,166.58
Delta,2022,Jul,7,2022-07-01,186.39
Delta,2022,Aug,8,2022-08-01,178.0
Delta,2022,Sep,9,2022-09-01,179.74
Delta,2022,Oct,10,2022-10-01,188.06
Delta,2022,Nov,11,2022-11-01,190.0
Delta,2022,Dec,12,2022-12-01,163.75
Delta,2023,Jan,1,2023-01-01,268.33
Delta,2023,Feb,2,2023-02-01,245.4
Delta,2023,Mar,3,2023-03-01,259.17
Delta,2023,Apr,4,2023-04-01,241.67
Delta,2023,May,5,2023-05-01,225.0
Delta,2023,Jun,6,2023-06-01,542.75
Delta,2023,Jul,7,2023-07-01,575.71
Delta,2023,Aug,8,2023-08-01,604.62
Delta,2023,Sep,9,2023-09-01,605.88
Delta,2023,Oct,10,2023-10-01,599.38
Delta,2023,Nov,11,2023-11-01,670.0
Delta,2023,Dec,12,2023-12-01,640.0
Delta,2024,Jan,1,2024-01-01,665.62
Delta,2024,Feb,2,2024-02-01,687.0
Delta,2024,Mar,3,2024-03-01,696.88
Delta,2024,Apr,4,2024-04-01,688.75
Delta,2024,May,5,2024-05-01,748.0
Delta,2024,Jun,6,2024-06-01,785.71
Delta,2024,Jul,7,2024-07-01,680.0
Delta,2024,Aug,8,2024-08-01,667.5
Delta,2024,Sep,9,2024-09-01,1007.27
Delta,2024,Oct,10,2024-10-01,1050.0
Ebonyi,2016,Jan,1,2016-01-01,132.1
Ebonyi,2017,Mar,3,2017-03-01,152.1
Ebonyi,2017,Apr,4,2017-04-01,158.0
Ebonyi,2017,May,5,2017-05-01,152.5
Ebonyi,2017,Jun,6,2017-06-01,156.4
Ebonyi,2017,Jul,7,2017-07-01,147.9
Ebonyi,2017,Aug,8,2017-08-01,144.3
Ebonyi,2017,Sep,9,2017-09-01,145.5
Ebonyi,2017,Oct,10,2017-10-01,148.57
Ebonyi,2017,Nov,11,2017-11-01,148.57
Ebonyi,2017,Dec,12,2017-12-01,162.5
Ebonyi,2018,Jan,1,2018-01-01,220.65
Ebonyi,2018,Feb,2,2018-02-01,178.13
Ebonyi,2018,Mar,3,2018-03-01,160.83
Ebonyi,2018,Apr,4,2018-04-01,147.86
Ebonyi,2018,May,5,2018-05-01,146.14
Ebonyi,2018,Jun,6,2018-06-01,146.14
Ebonyi,2018,Jul,7,2018-07-01,145.88
Ebonyi,2018,Aug,8,2018-08-01,146.14
Ebonyi,2018,Sep,9,2018-09-01,145.86
Ebonyi,2018,Oct,10,2018-10-01,146.57
Ebonyi,2018,Nov,11,2018-11-01,145.18
Ebonyi,2018,Dec,12,2018-12-01,145.14
Ebonyi,2019,Jan,1,2019-01-01,145.31
Ebonyi,2019,Feb,2,2019-02-01,145.59
Ebonyi,2019,Mar,3,2019-03-01,145.14
Ebonyi,2019,Apr,4,2019-04-01,146.14
Ebonyi,2019,May,5,2019-05-01,146.25
Ebonyi,2021,Sep,9,2021-09-01,162.27
Ebonyi,2021,Oct,10,2021-10-01,166.67
Ebonyi,2021,Dec,12,2021-12-01,170.43
Ebonyi,2022,Jan,1,2022-01-01,169.0
Ebonyi,2022,Feb,2,2022-02-01,172.0
Ebonyi,2022,Mar,3,2022-03-01,215.0
Ebonyi,2022,Apr,4,2022-04-01,165.0
Ebonyi,2022,May,5,2022-05-01,185.62
Ebonyi,2022,Jun,6,2022-06-01,186.67
Ebonyi,2022,Jul,7,2022-07-01,185.71
Ebonyi,2022,Aug,8,2022-08-01,205.5
Ebonyi,2022,Sep,9,2022-09-01,203.11
Ebonyi,2022,Oct,10,2022-10-01,205.5
Ebonyi,2022,Nov,11,2022-11-01,210.0
Ebonyi,2022,Dec,12,2022-12-01,170.43
Ebonyi,2023,Jan,1,2023-01-01,286.36
Ebonyi,2023,Feb,2,2023-02-01,193.91
Ebonyi,2023,Mar,3,2023-03-01,301.67
Ebonyi,2023,Apr,4,2023-04-01,291.43
Ebonyi,2023,May,5,2023-05-01,235.0
Ebonyi,2023,Jun,6,2023-06-01,535.0
Ebonyi,2023,Jul,7,2023-07-01,618.0
Ebonyi,2023,Aug,8,2023-08-01,630.0
Ebonyi,2023,Sep,9,2023-09-01,625.71
Ebonyi,2023,Oct,10,2023-10-01,620.0
Ebonyi,2023,Nov,11,2023-11-01,667.14
Ebonyi,2023,Dec,12,2023-12-01,671.43
Ebonyi,2024,Jan,1,2024-01-01,638.71
Ebonyi,2024,Feb,2,2024-02-01,670.0
Ebonyi,2024,Mar,3,2024-03-01,710.71
Ebonyi,2024,Apr,4,2024-04-01,702.5
Ebonyi,2024,May,5,2024-05-01,770.0
Ebonyi,2024,Jun,6,2024-06-01,795.5
Ebonyi,2024,Jul,7,2024-07-01,780.77
Ebonyi,2024,Aug,8,2024-08-01,863.31
Ebonyi,2024,Sep,9,2024-09-01,1090.94
Ebonyi,2024,Oct,10,2024-10-01,1292.86
Edo,2016,Jan,1,2016-01-01,100.3
Edo,2017,Mar,3,2017-03-01,149.6
Edo,2017,Apr,4,2017-04-01,150.0
Edo,2017,May,5,2017-05-01,145.3
Edo,2017,Jun,6,2017-06-01,145.0
Edo,2017,Jul,7,2017-07-01,145.0
Edo,2017,Aug,8,2017-08-01,144.8
Edo,2017,Sep,9,2017-09-01,144.9
Edo,2017,Oct,10,2017-10-01,145.06
Edo,2017,Nov,11,2017-11-01,145.75
Edo,2017,Dec,12,2017-12-01,170.0
Edo,2018,Jan,1,2018-01-01,220.0
Edo,2018,Feb,2,2018-02-01,190.31
Edo,2018,Mar,3,2018-03-01,172.11
Edo,2018,Apr,4,2018-04-01,152.11
Edo,2018,May,5,2018-05-01,145.36
Edo,2018,Jun,6,2018-06-01,145.0
Edo,2018,Jul,7,2018-07-01,145.0
Edo,2018,Aug,8,2018-08-01,145.0
Edo,2018,Sep,9,2018-09-01,145.0
Edo,2018,Oct,10,2018-10-01,145.0
Edo,2018,Nov,11,2018-11-01,145.0
Edo,2018,Dec,12,2018-12-01,145.0
Edo,2019,Jan,1,2019-01-01,145.25
Edo,2019,Feb,2,2019-02-01,145.33
Edo,2019,Mar,3,2019-03-01,144.77
Edo,2019,Apr,4,2019-04-01,145.0
Edo,2019,May,5,2019-05-01,145.0
Edo,2021,Sep,9,2021-09-01,167.3
Edo,2021,Oct,10,2021-10-01,166.0
Edo,2021,Dec,12,2021-12-01,167.46
Edo,2022,Jan,1,2022-01-01,166.29
Edo,2022,Feb,2,2022-02-01,170.92
Edo,2022,Mar,3,2022-03-01,209.69
Edo,2022,Apr,4,2022-04-01,169.68
Edo,2022,May,5,2022-05-01,176.83
Edo,2022,Jun,6,2022-06-01,168.75
Edo,2022,Jul,7,2022-07-01,173.5
Edo,2022,Aug,8,2022-08-01,181.0
Edo,2022,Sep,9,2022-09-01,183.17
Edo,2022,Oct,10,2022-10-01,188.64
Edo,2022,Nov,11,2022-11-01,193.0
Edo,2022,Dec,12,2022-12-01,167.46
Edo,2023,Jan,1,2023-01-01,281.43
Edo,2023,Feb,2,2023-02-01,220.0
Edo,2023,Mar,3,2023-03-01,276.43
Edo,2023,Apr,4,2023-04-01,251.88
Edo,2023,May,5,2023-05-01,231.43
Edo,2023,Jun,6,2023-06-01,546.6
Edo,2023,Jul,7,2023-07-01,530.0
Edo,2023,Aug,8,2023-08-01,618.57
Edo,2023,Sep,9,2023-09-01,620.0
Edo,2023,Oct,10,2023-10-01,637.5
Edo,2023,Nov,11,2023-11-01,650.0
Edo,2023,Dec,12,2023-12-01,661.88
Edo,2024,Jan,1,2024-01-01,662.0
Edo,2024,Feb,2,2024-02-01,672.5
Edo,2024,Mar,3,2024-03-01,685.0
Edo,2024,Apr,4,2024-04-01,691.25
Edo,2024,May,5,2024-05-01,768.33
Edo,2024,Jun,6,2024-06-01,773.75
Edo,2024,Jul,7,2024-07-01,669.75
Edo,2024,Aug,8,2024-08-01,676.25
Edo,2024,Sep,9,2024-09-01,1062.5
Edo,2024,Oct,10,2024-10-01,1227.5
Ekiti,2016,Jan,1,2016-01-01,106.1
Ekiti,2017,Mar,3,2017-03-01,145.0
Ekiti,2017,Apr,4,2017-04-01,145.0
Ekiti,2017,May,5,2017-05-01,145.0
Ekiti,2017,Jun,6,2017-06-01,145.0
Ekiti,2017,Jul,7,2017-07-01,145.0
Ekiti,2017,Aug,8,2017-08-01,144.7
Ekiti,2017,Sep,9,2017-09-01,143.1
Ekiti,2017,Oct,10,2017-10-01,143.73
Ekiti,2017,Nov,11,2017-11-01,146.17
Ekiti,2017,Dec,12,2017-12-01,146.0
Ekiti,2018,Jan,1,2018-01-01,160.24
Ekiti,2018,Feb,2,2018-02-01,181.18
Ekiti,2018,Mar,3,2018-03-01,173.89
Ekiti,2018,Apr,4,2018-04-01,145.0
Ekiti,2018,May,5,2018-05-01,147.71
Ekiti,2018,Jun,6,2018-06-01,145.32
Ekiti,2018,Jul,7,2018-07-01,145.0
Ekiti,2018,Aug,8,2018-08-01,144.23
Ekiti,2018,Sep,9,2018-09-01,145.94
Ekiti,2018,Oct,10,2018-10-01,144.65
Ekiti,2018,Nov,11,2018-11-01,145.47
Ekiti,2018,Dec,12,2018-12-01,145.29
Ekiti,2019,Jan,1,2019-01-01,144.0
Ekiti,2019,Feb,2,2019-02-01,143.47
Ekiti,2019,Mar,3,2019-03-01,145.0
Ekiti,2019,Apr,4,2019-04-01,145.0
Ekiti,2019,May,5,2019-05-01,144.45
Ekiti,2021,Sep,9,2021-09-01,170.62
Ekiti,2021,Oct,10,2021-10-01,166.26
Ekiti,2021,Dec,12,2021-12-01,166.41
Ekiti,2022,Jan,1,2022-01-01,165.2
Ekiti,2022,Feb,2,2022-02-01,165.43
Ekiti,2022,Mar,3,2022-03-01,166.43
Ekiti,2022,Apr,4,2022-04-01,172.22
Ekiti,2022,May,5,2022-05-01,171.54
Ekiti,2022,Jun,6,2022-06-01,172.0
Ekiti,2022,Jul,7,2022-07-01,180.28
Ekiti,2022,Aug,8,2022-08-01,193.85
Ekiti,2022,Sep,9,2022-09-01,187.94
Ekiti,2022,Oct,10,2022-10-01,188.1
Ekiti,2022,Nov,11,2022-11-01,189.06
Ekiti,2022,Dec,12,2022-12-01,166.41
Ekiti,2023,Jan,1,2023-01-01,257.37
Ekiti,2023,Feb,2,2023-02-01,258.89
Ekiti,2023,Mar,3,2023-03-01,239.29
Ekiti,2023,Apr,4,2023-04-01,232.5
Ekiti,2023,May,5,2023-05-01,240.88
Ekiti,2023,Jun,6,2023-06-01,539.33
Ekiti,2023,Jul,7,2023-07-01,619.57
Ekiti,2023,Aug,8,2023-08-01,625.75
Ekiti,2023,Sep,9,2023-09-01,619.69
Ekiti,2023,Oct,10,2023-10-01,613.57
Ekiti,2023,Nov,11,2023-11-01,641.25
Ekiti,2023,Dec,12,2023-12-01,653.44
Ekiti,2024,Jan,1,2024-01-01,651.33
Ekiti,2024,Feb,2,2024-02-01,655.0
Ekiti,2024,Mar,3,2024-03-01,661.56
Ekiti,2024,Apr,4,2024-04-01,661.67
Ekiti,2024,May,5,2024-05-01,798.0
Ekiti,2024,Jun,6,2024-06-01,747.22
Ekiti,2024,Jul,7,2024-07-01,774.38
Ekiti,2024,Aug,8,2024-08-01,830.83
Ekiti,2024,Sep,9,2024-09-01,1039.33
Ekiti,2024,Oct,10,2024-10-01,1116.47
Enugu,2016,Jan,1,2016-01-01,128.3
Enugu,2017,Mar,3,2017-03-01,154.5
Enugu,2017,Apr,4,2017-04-01,153.0
Enugu,2017,May,5,2017-05-01,152.0
Enugu,2017,Jun,6,2017-06-01,154.5
Enugu,2017,Jul,7,2017-07-01,149.0
Enugu,2017,Aug,8,2017-08-01,145.0
Enugu,2017,Sep,9,2017-09-01,145.8
Enugu,2017,Oct,10,2017-10-01,147.17
Enugu,2017,Nov,11,2017-11-01,145.0
Enugu,2017,Dec,12,2017-12-01,200.5
Enugu,2018,Jan,1,2018-01-01,183.12
Enugu,2018,Feb,2,2018-02-01,163.86
Enugu,2018,Mar,3,2018-03-01,169.13
Enugu,2018,Apr,4,2018-04-01,148.91
Enugu,2018,May,5,2018-05-01,150.3
Enugu,2018,Jun,6,2018-06-01,153.05
Enugu,2018,Jul,7,2018-07-01,149.44
Enugu,2018,Aug,8,2018-08-01,146.78
Enugu,2018,Sep,9,2018-09-01,153.88
Enugu,2018,Oct,10,2018-10-01,146.52
Enugu,2018,Nov,11,2018-11-01,147.29
Enugu,2018,Dec,12,2018-12-01,145.24
Enugu,2019,Jan,1,2019-01-01,145.27
Enugu,2019,Feb,2,2019-02-01,145.31
Enugu,2019,Mar,3,2019-03-01,145.41
Enugu,2019,Apr,4,2019-04-01,146.17
Enugu,2019,May,5,2019-05-01,143.55
Enugu,2021,Sep,9,2021-09-01,166.67
Enugu,2021,Oct,10,2021-10-01,168.83
Enugu,2021,Dec,12,2021-12-01,170.43
Enugu,2022,Jan,1,2022-01-01,168.67
Enugu,2022,Feb,2,2022-02-01,169.23
Enugu,2022,Mar,3,2022-03-01,218.33
Enugu,2022,Apr,4,2022-04-01,197.51
Enugu,2022,May,5,2022-05-01,182.79
Enugu,2022,Jun,6,2022-06-01,178.0
Enugu,2022,Jul,7,2022-07-01,197.14
Enugu,2022,Aug,8,2022-08-01,195.34
Enugu,2022,Sep,9,2022-09-01,196.67
Enugu,2022,Oct,10,2022-10-01,197.0
Enugu,2022,Nov,11,2022-11-01,215.71
Enugu,2022,Dec,12,2022-12-01,168.44
Enugu,2023,Jan,1,2023-01-01,313.12
Enugu,2023,Feb,2,2023-02-01,215.29
Enugu,2023,Mar,3,2023-03-01,309.0
Enugu,2023,Apr,4,2023-04-01,297.65
Enugu,2023,May,5,2023-05-01,287.67
Enugu,2023,Jun,6,2023-06-01,542.78
Enugu,2023,Jul,7,2023-07-01,640.0
Enugu,2023,Aug,8,2023-08-01,627.86
Enugu,2023,Sep,9,2023-09-01,628.89
Enugu,2023,Oct,10,2023-10-01,621.92
Enugu,2023,Nov,11,2023-11-01,651.52
Enugu,2023,Dec,12,2023-12-01,673.12
Enugu,2024,Jan,1,2024-01-01,673.87
Enugu,2024,Feb,2,2024-02-01,688.21
Enugu,2024,Mar,3,2024-03-01,713.12
Enugu,2024,Apr,4,2024-04-01,705.75
Enugu,2024,May,5,2024-05-01,765.0
Enugu,2024,Jun,6,2024-06-01,797.79
Enugu,2024,Jul,7,2024-07-01,780.28
Enugu,2024,Aug,8,2024-08-01,871.89
Enugu,2024,Sep,9,2024-09-01,990.09
Enugu,2024,Oct,10,2024-10-01,1192.2
Gombe,2016,Jan,1,2016-01-01,99.9
Gombe,2017,Mar,3,2017-03-01,145.0
Gombe,2017,Apr,4,2017-04-01,153.0
Gombe,2017,May,5,2017-05-01,172.5
Gombe,2017,Jun,6,2017-06-01,167.5
Gombe,2017,Jul,7,2017-07-01,152.7
Gombe,2017,Aug,8,2017-08-01,144.0
Gombe,2017,Sep,9,2017-09-01,145.0
Gombe,2017,Oct,10,2017-10-01,144.8
Gombe,2017,Nov,11,2017-11-01,145.0
Gombe,2017,Dec,12,2017-12-01,160.0
Gombe,2018,Jan,1,2018-01-01,157.73
Gombe,2018,Feb,2,2018-02-01,153.5
Gombe,2018,Mar,3,2018-03-01,154.13
Gombe,2018,Apr,4,2018-04-01,154.43
Gombe,2018,May,5,2018-05-01,153.67
Gombe,2018,Jun,6,2018-06-01,150.25
Gombe,2018,Jul,7,2018-07-01,142.79
Gombe,2018,Aug,8,2018-08-01,147.08
Gombe,2018,Sep,9,2018-09-01,150.1
Gombe,2018,Oct,10,2018-10-01,151.25
Gombe,2018,Nov,11,2018-11-01,154.72
Gombe,2018,Dec,12,2018-12-01,150.2
Gombe,2019,Jan,1,2019-01-01,145.87
Gombe,2019,Feb,2,2019-02-01,144.63
Gombe,2019,Mar,3,2019-03-01,145.92
Gombe,2019,Apr,4,2019-04-01,145.58
Gombe,2019,May,5,2019-05-01,141.08
Gombe,2021,Sep,9,2021-09-01,164.4
Gombe,2021,Oct,10,2021-10-01,164.67
Gombe,2021,Dec,12,2021-12-01,165.93
Gombe,2022,Jan,1,2022-01-01,164.71
Gombe,2022,Feb,2,2022-02-01,170.5
Gombe,2022,Mar,3,2022-03-01,171.4
Gombe,2022,Apr,4,2022-04-01,169.75
Gombe,2022,May,5,2022-05-01,166.5
Gombe,2022,Jun,6,2022-06-01,185.0
Gombe,2022,Jul,7,2022-07-01,190.78
Gombe,2022,Aug,8,2022-08-01,179.12
Gombe,2022,Sep,9,2022-09-01,188.82
Gombe,2022,Oct,10,2022-10-01,210.0
Gombe,2022,Nov,11,2022-11-01,215.0
Gombe,2022,Dec,12,2022-12-01,165.93
Gombe,2023,Jan,1,2023-01-01,220.0
Gombe,2023,Feb,2,2023-02-01,256.1
Gombe,2023,Mar,3,2023-03-01,302.0
Gombe,2023,Apr,4,2023-04-01,300.51
Gombe,2023,May,5,2023-05-01,299.77
Gombe,2023,Jun,6,2023-06-01,560.83
Gombe,2023,Jul,7,2023-07-01,642.22
Gombe,2023,Aug,8,2023-08-01,633.5
Gombe,2023,Sep,9,2023-09-01,630.0
Gombe,2023,Oct,10,2023-10-01,658.33
Gombe,2023,Nov,11,2023-11-01,625.12
Gombe,2023,Dec,12,2023-12-01,703.0
Gombe,2024,Jan,1,2024-01-01,703.0
Gombe,2024,Feb,2,2024-02-01,710.0
Gombe,2024,Mar,3,2024-03-01,719.33
Gombe,2024,Apr,4,2024-04-01,717.0
Gombe,2024,May,5,2024-05-01,766.54
Gombe,2024,Jun,6,2024-06-01,727.14
Gombe,2024,Jul,7,2024-07-01,809.15
Gombe,2024,Aug,8,2024-08-01,925.0
Gombe,2024,Sep,9,2024-09-01,990.0
Gombe,2024,Oct,10,2024-10-01,1232.8
Imo,2016,Jan,1,2016-01-01,131.0
Imo,2017,Mar,3,2017-03-01,149.5
Imo,2017,Apr,4,2017-04-01,149.0
Imo,2017,May,5,2017-05-01,148.8
Imo,2017,Jun,6,2017-06-01,147.6
Imo,2017,Jul,7,2017-07-01,147.4
Imo,2017,Aug,8,2017-08-01,143.4
Imo,2017,Sep,9,2017-09-01,145.1
Imo,2017,Oct,10,2017-10-01,147.75
Imo,2017,Nov,11,2017-11-01,144.4
Imo,2017,Dec,12,2017-12-01,160.59
Imo,2018,Jan,1,2018-01-01,172.92
Imo,2018,Feb,2,2018-02-01,200.83
Imo,2018,Mar,3,2018-03-01,173.86
Imo,2018,Apr,4,2018-04-01,149.4
Imo,2018,May,5,2018-05-01,149.5
Imo,2018,Jun,6,2018-06-01,149.77
Imo,2018,Jul,7,2018-07-01,150.87
Imo,2018,Aug,8,2018-08-01,145.87
Imo,2018,Sep,9,2018-09-01,146.43
Imo,2018,Oct,10,2018-10-01,145.43
Imo,2018,Nov,11,2018-11-01,142.5
Imo,2018,Dec,12,2018-12-01,146.18
Imo,2019,Jan,1,2019-01-01,145.62
Imo,2019,Feb,2,2019-02-01,143.18
Imo,2019,Mar,3,2019-03-01,145.71
Imo,2019,Apr,4,2019-04-01,146.47
Imo,2019,May,5,2019-05-01,145.68
Imo,2021,Sep,9,2021-09-01,167.0
Imo,2021,Oct,10,2021-10-01,165.83
Imo,2021,Dec,12,2021-12-01,168.92
Imo,2022,Jan,1,2022-01-01,168.08
Imo,2022,Feb,2,2022-02-01,171.26
Imo,2022,Mar,3,2022-03-01,205.88
Imo,2022,Apr,4,2022-04-01,190.36
Imo,2022,May,5,2022-05-01,188.24
Imo,2022,Jun,6,2022-06-01,179.74
Imo,2022,Jul,7,2022-07-01,175.79
Imo,2022,Aug,8,2022-08-01,187.33
Imo,2022,Sep,9,2022-09-01,189.29
Imo,2022,Oct,10,2022-10-01,195.09
Imo,2022,Nov,11,2022-11-01,197.5
Imo,2022,Dec,12,2022-12-01,165.33
Imo,2023,Jan,1,2023-01-01,332.14
Imo,2023,Feb,2,2023-02-01,281.43
Imo,2023,Mar,3,2023-03-01,332.67
Imo,2023,Apr,4,2023-04-01,310.55
Imo,2023,May,5,2023-05-01,300.0
Imo,2023,Jun,6,2023-06-01,546.43
Imo,2023,Jul,7,2023-07-01,615.74
Imo,2023,Aug,8,2023-08-01,623.38
Imo,2023,Sep,9,2023-09-01,621.25
Imo,2023,Oct,10,2023-10-01,618.57
Imo,2023,Nov,11,2023-11-01,633.18
Imo,2023,Dec,12,2023-12-01,683.68
Imo,2024,Jan,1,2024-01-01,687.0
Imo,2024,Feb,2,2024-02-01,705.51
Imo,2024,Mar,3,2024-03-01,725.56
Imo,2024,Apr,4,2024-04-01,712.78
Imo,2024,May,5,2024-05-01,759.09
Imo,2024,Jun,6,2024-06-01,796.15
Imo,2024,Jul,7,2024-07-01,793.41
Imo,2024,Aug,8,2024-08-01,891.93
Imo,2024,Sep,9,2024-09-01,1002.69
Imo,2024,Oct,10,2024-10-01,1237.48
Jigawa,2016,Jan,1,2016-01-01,104.7
Jigawa,2017,Mar,3,2017-03-01,148.3
Jigawa,2017,Apr,4,2017-04-01,146.0
Jigawa,2017,May,5,2017-05-01,147.3
Jigawa,2017,Jun,6,2017-06-01,145.8
Jigawa,2017,Jul,7,2017-07-01,145.7
Jigawa,2017,Aug,8,2017-08-01,143.9
Jigawa,2017,Sep,9,2017-09-01,145.2
Jigawa,2017,Oct,10,2017-10-01,143.8
Jigawa,2017,Nov,11,2017-11-01,145.5
Jigawa,2017,Dec,12,2017-12-01,165.0
Jigawa,2018,Jan,1,2018-01-01,200.26
Jigawa,2018,Feb,2,2018-02-01,150.14
Jigawa,2018,Mar,3,2018-03-01,180.93
Jigawa,2018,Apr,4,2018-04-01,160.46
Jigawa,2018,May,5,2018-05-01,154.0
Jigawa,2018,Jun,6,2018-06-01,146.29
Jigawa,2018,Jul,7,2018-07-01,146.29
Jigawa,2018,Aug,8,2018-08-01,145.25
Jigawa,2018,Sep,9,2018-09-01,150.0
Jigawa,2018,Oct,10,2018-10-01,144.29
Jigawa,2018,Nov,11,2018-11-01,144.29
Jigawa,2018,Dec,12,2018-12-01,144.21
Jigawa,2019,Jan,1,2019-01-01,145.69
Jigawa,2019,Feb,2,2019-02-01,145.29
Jigawa,2019,Mar,3,2019-03-01,144.94
Jigawa,2019,Apr,4,2019-04-01,145.0
Jigawa,2019,May,5,2019-05-01,145.0
Jigawa,2021,Sep,9,2021-09-01,166.5
Jigawa,2021,Oct,10,2021-10-01,164.86
Jigawa,2021,Dec,12,2021-12-01,168.8
Jigawa,2022,Jan,1,2022-01-01,165.0
Jigawa,2022,Feb,2,2022-02-01,165.0
Jigawa,2022,Mar,3,2022-03-01,165.71
Jigawa,2022,Apr,4,2022-04-01,169.06
Jigawa,2022,May,5,2022-05-01,176.43
Jigawa,2022,Jun,6,2022-06-01,170.0
Jigawa,2022,Jul,7,2022-07-01,192.33
Jigawa,2022,Aug,8,2022-08-01,210.5
Jigawa,2022,Sep,9,2022-09-01,205.62
Jigawa,2022,Oct,10,2022-10-01,205.77
Jigawa,2022,Nov,11,2022-11-01,210.25
Jigawa,2022,Dec,12,2022-12-01,168.8
Jigawa,2023,Jan,1,2023-01-01,281.43
Jigawa,2023,Feb,2,2023-02-01,281.07
Jigawa,2023,Mar,3,2023-03-01,316.67
Jigawa,2023,Apr,4,2023-04-01,305.0
Jigawa,2023,May,5,2023-05-01,297.5
Jigawa,2023,Jun,6,2023-06-01,556.67
Jigawa,2023,Jul,7,2023-07-01,625.8
Jigawa,2023,Aug,8,2023-08-01,619.0
Jigawa,2023,Sep,9,2023-09-01,617.42
Jigawa,2023,Oct,10,2023-10-01,627.5
Jigawa,2023,Nov,11,2023-11-01,677.67
Jigawa,2023,Dec,12,2023-12-01,682.0
Jigawa,2024,Jan,1,2024-01-01,679.67
Jigawa,2024,Feb,2,2024-02-01,696.43
Jigawa,2024,Mar,3,2024-03-01,708.33
Jigawa,2024,Apr,4,2024-04-01,711.54
Jigawa,2024,May,5,2024-05-01,937.5
Jigawa,2024,Jun,6,2024-06-01,847.0
Jigawa,2024,Jul,7,2024-07-01,903.08
Jigawa,2024,Aug,8,2024-08-01,902.67
Jigawa,2024,Sep,9,2024-09-01,1063.33
Jigawa,2024,Oct,10,2024-10-01,1288.18
Kaduna,2016,Jan,1,2016-01-01,95.7
Kaduna,2017,Mar,3,2017-03-01,153.0
Kaduna,2017,Apr,4,2017-04-01,145.0
Kaduna,2017,May,5,2017-05-01,148.7
Kaduna,2017,Jun,6,2017-06-01,148.8
Kaduna,2017,Jul,7,2017-07-01,145.0
Kaduna,2017,Aug,8,2017-08-01,144.8
Kaduna,2017,Sep,9,2017-09-01,145.5
Kaduna,2017,Oct,10,2017-10-01,144.83
Kaduna,2017,Nov,11,2017-11-01,145.0
Kaduna,2017,Dec,12,2017-12-01,162.81
Kaduna,2018,Jan,1,2018-01-01,215.91
Kaduna,2018,Feb,2,2018-02-01,165.86
Kaduna,2018,Mar,3,2018-03-01,147.29
Kaduna,2018,Apr,4,2018-04-01,153.85
Kaduna,2018,May,5,2018-05-01,150.81
Kaduna,2018,Jun,6,2018-06-01,150.75
Kaduna,2018,Jul,7,2018-07-01,150.75
Kaduna,2018,Aug,8,2018-08-01,151.48
Kaduna,2018,Sep,9,2018-09-01,150.53
Kaduna,2018,Oct,10,2018-10-01,150.75
Kaduna,2018,Nov,11,2018-11-01,156.75
Kaduna,2018,Dec,12,2018-12-01,145.25
Kaduna,2019,Jan,1,2019-01-01,146.22
Kaduna,2019,Feb,2,2019-02-01,146.08
Kaduna,2019,Mar,3,2019-03-01,144.44
Kaduna,2019,Apr,4,2019-04-01,144.69
Kaduna,2019,May,5,2019-05-01,144.8
Kaduna,2021,Sep,9,2021-09-01,165.34
Kaduna,2021,Oct,10,2021-10-01,170.1
Kaduna,2021,Dec,12,2021-12-01,164.92
Kaduna,2022,Jan,1,2022-01-01,165.53
Kaduna,2022,Feb,2,2022-02-01,189.09
Kaduna,2022,Mar,3,2022-03-01,208.6
Kaduna,2022,Apr,4,2022-04-01,202.94
Kaduna,2022,May,5,2022-05-01,183.25
Kaduna,2022,Jun,6,2022-06-01,190.8
Kaduna,2022,Jul,7,2022-07-01,193.0
Kaduna,2022,Aug,8,2022-08-01,210.94
Kaduna,2022,Sep,9,2022-09-01,199.62
Kaduna,2022,Oct,10,2022-10-01,189.23
Kaduna,2022,Nov,11,2022-11-01,198.5
Kaduna,2022,Dec,12,2022-12-01,164.92
Kaduna,2023,Jan,1,2023-01-01,281.07
Kaduna,2023,Feb,2,2023-02-01,286.36
Kaduna,2023,Mar,3,2023-03-01,288.93
Kaduna,2023,Apr,4,2023-04-01,262.31
Kaduna,2023,May,5,2023-05-01,280.0
Kaduna,2023,Jun,6,2023-06-01,549.53
Kaduna,2023,Jul,7,2023-07-01,626.75
Kaduna,2023,Aug,8,2023-08-01,622.47
Kaduna,2023,Sep,9,2023-09-01,620.4
Kaduna,2023,Oct,10,2023-10-01,642.86
Kaduna,2023,Nov,11,2023-11-01,620.29
Kaduna,2023,Dec,12,2023-12-01,673.67
Kaduna,2024,Jan,1,2024-01-01,640.0
Kaduna,2024,Feb,2,2024-02-01,678.42
Kaduna,2024,Mar,3,2024-03-01,683.93
Kaduna,2024,Apr,4,2024-04-01,699.64
Kaduna,2024,May,5,2024-05-01,815.94
Kaduna,2024,Jun,6,2024-06-01,709.58
Kaduna,2024,Jul,7,2024-07-01,763.0
Kaduna,2024,Aug,8,2024-08-01,887.06
Kaduna,2024,Sep,9,2024-09-01,1074.62
Kaduna,2024,Oct,10,2024-10-01,1163.7
Kano,2016,Jan,1,2016-01-01,99.1
Kano,2017,Mar,3,2017-03-01,145.0
Kano,2017,Apr,4,2017-04-01,148.0
Kano,2017,May,5,2017-05-01,145.4
Kano,2017,Jun,6,2017-06-01,145.3
Kano,2017,Jul,7,2017-07-01,145.0
Kano,2017,Aug,8,2017-08-01,144.2
Kano,2017,Sep,9,2017-09-01,144.6
Kano,2017,Oct,10,2017-10-01,144.27
Kano,2017,Nov,11,2017-11-01,144.93
Kano,2017,Dec,12,2017-12-01,165.0
Kano,2018,Jan,1,2018-01-01,182.14
Kano,2018,Feb,2,2018-02-01,155.0
Kano,2018,Mar,3,2018-03-01,147.19
Kano,2018,Apr,4,2018-04-01,145.16
Kano,2018,May,5,2018-05-01,144.87
Kano,2018,Jun,6,2018-06-01,145.79
Kano,2018,Jul,7,2018-07-01,144.78
Kano,2018,Aug,8,2018-08-01,144.89
Kano,2018,Sep,9,2018-09-01,144.87
Kano,2018,Oct,10,2018-10-01,145.79
Kano,2018,Nov,11,2018-11-01,147.79
Kano,2018,Dec,12,2018-12-01,144.87
Kano,2019,Jan,1,2019-01-01,145.0
Kano,2019,Feb,2,2019-02-01,145.0
Kano,2019,Mar,3,2019-03-01,145.21
Kano,2019,Apr,4,2019-04-01,145.35
Kano,2019,May,5,2019-05-01,145.35
Kano,2021,Sep,9,2021-09-01,160.83
Kano,2021,Oct,10,2021-10-01,168.87
Kano,2021,Dec,12,2021-12-01,163.57
Kano,2022,Jan,1,2022-01-01,171.67
Kano,2022,Feb,2,2022-02-01,175.56
Kano,2022,Mar,3,2022-03-01,181.67
Kano,2022,Apr,4,2022-04-01,171.56
Kano,2022,May,5,2022-05-01,175.0
Kano,2022,Jun,6,2022-06-01,183.57
Kano,2022,Jul,7,2022-07-01,196.71
Kano,2022,Aug,8,2022-08-01,200.29
Kano,2022,Sep,9,2022-09-01,207.5
Kano,2022,Oct,10,2022-10-01,210.14
Kano,2022,Nov,11,2022-11-01,205.08
Kano,2022,Dec,12,2022-12-01,163.57
Kano,2023,Jan,1,2023-01-01,286.36
Kano,2023,Feb,2,2023-02-01,246.11
Kano,2023,Mar,3,2023-03-01,290.42
Kano,2023,Apr,4,2023-04-01,273.33
Kano,2023,May,5,2023-05-01,229.32
Kano,2023,Jun,6,2023-06-01,561.82
Kano,2023,Jul,7,2023-07-01,621.55
Kano,2023,Aug,8,2023-08-01,627.0
Kano,2023,Sep,9,2023-09-01,625.0
Kano,2023,Oct,10,2023-10-01,642.73
Kano,2023,Nov,11,2023-11-01,668.64
Kano,2023,Dec,12,2023-12-01,602.78
Kano,2024,Jan,1,2024-01-01,678.27
Kano,2024,Feb,2,2024-02-01,675.0
Kano,2024,Mar,3,2024-03-01,685.71
Kano,2024,Apr,4,2024-04-01,700.0
Kano,2024,May,5,2024-05-01,792.86
Kano,2024,Jun,6,2024-06-01,715.45
Kano,2024,Jul,7,2024-07-01,755.36
Kano,2024,Aug,8,2024-08-01,881.43
Kano,2024,Sep,9,2024-09-01,1051.2
Kano,2024,Oct,10,2024-10-01,1170.83
Katsina,2016,Jan,1,2016-01-01,95.5
Katsina,2017,Mar,3,2017-03-01,145.9
Katsina,2017,Apr,4,2017-04-01,146.0
Katsina,2017,May,5,2017-05-01,145.0
Katsina,2017,Jun,6,2017-06-01,150.3
Katsina,2017,Jul,7,2017-07-01,145.0
Katsina,2017,Aug,8,2017-08-01,144.4
Katsina,2017,Sep,9,2017-09-01,144.1
Katsina,2017,Oct,10,2017-10-01,143.73
Katsina,2017,Nov,11,2017-11-01,144.08
Katsina,2017,Dec,12,2017-12-01,160.0
Katsina,2018,Jan,1,2018-01-01,209.32
Katsina,2018,Feb,2,2018-02-01,160.15
Katsina,2018,Mar,3,2018-03-01,156.67
Katsina,2018,Apr,4,2018-04-01,147.83
Katsina,2018,May,5,2018-05-01,144.82
Katsina,2018,Jun,6,2018-06-01,144.95
Katsina,2018,Jul,7,2018-07-01,144.0
Katsina,2018,Aug,8,2018-08-01,144.08
Katsina,2018,Sep,9,2018-09-01,143.63
Katsina,2018,Oct,10,2018-10-01,144.45
Katsina,2018,Nov,11,2018-11-01,144.45
Katsina,2018,Dec,12,2018-12-01,144.31
Katsina,2019,Jan,1,2019-01-01,145.0
Katsina,2019,Feb,2,2019-02-01,145.0
Katsina,2019,Mar,3,2019-03-01,145.23
Katsina,2019,Apr,4,2019-04-01,143.5
Katsina,2019,May,5,2019-05-01,142.5
Katsina,2021,Sep,9,2021-09-01,162.68
Katsina,2021,Oct,10,2021-10-01,164.29
Katsina,2021,Dec,12,2021-12-01,163.57
Katsina,2022,Jan,1,2022-01-01,165.31
Katsina,2022,Feb,2,2022-02-01,166.9
Katsina,2022,Mar,3,2022-03-01,170.14
Katsina,2022,Apr,4,2022-04-01,165.25
Katsina,2022,May,5,2022-05-01,178.08
Katsina,2022,Jun,6,2022-06-01,180.7
Katsina,2022,Jul,7,2022-07-01,186.75
Katsina,2022,Aug,8,2022-08-01,190.56
Katsina,2022,Sep,9,2022-09-01,192.03
Katsina,2022,Oct,10,2022-10-01,195.52
Katsina,2022,Nov,11,2022-11-01,198.18
Katsina,2022,Dec,12,2022-12-01,165.0
Katsina,2023,Jan,1,2023-01-01,246.11
Katsina,2023,Feb,2,2023-02-01,270.88
Katsina,2023,Mar,3,2023-03-01,306.25
Katsina,2023,Apr,4,2023-04-01,295.44
Katsina,2023,May,5,2023-05-01,254.29
Katsina,2023,Jun,6,2023-06-01,546.67
Katsina,2023,Jul,7,2023-07-01,604.55
Katsina,2023,Aug,8,2023-08-01,619.1
Katsina,2023,Sep,9,2023-09-01,626.75
Katsina,2023,Oct,10,2023-10-01,639.82
Katsina,2023,Nov,11,2023-11-01,667.14
Katsina,2023,Dec,12,2023-12-01,665.0
Katsina,2024,Jan,1,2024-01-01,680.4
Katsina,2024,Feb,2,2024-02-01,680.0
Katsina,2024,Mar,3,2024-03-01,694.17
Katsina,2024,Apr,4,2024-04-01,697.73
Katsina,2024,May,5,2024-05-01,782.22
Katsina,2024,Jun,6,2024-06-01,742.5
Katsina,2024,Jul,7,2024-07-01,950.0
Katsina,2024,Aug,8,2024-08-01,781.25
Katsina,2024,Sep,9,2024-09-01,1096.15
Katsina,2024,Oct,10,2024-10-01,1100.0
Kebbi,2016,Jan,1,2016-01-01,117.1
Kebbi,2017,Mar,3,2017-03-01,153.8
Kebbi,2017,Apr,4,2017-04-01,161.0
Kebbi,2017,May,5,2017-05-01,157.9
Kebbi,2017,Jun,6,2017-06-01,157.1
Kebbi,2017,Jul,7,2017-07-01,145.0
Kebbi,2017,Aug,8,2017-08-01,145.0
Kebbi,2017,Sep,9,2017-09-01,145.6
Kebbi,2017,Oct,10,2017-10-01,148.55
Kebbi,2017,Nov,11,2017-11-01,145.0
Kebbi,2017,Dec,12,2017-12-01,210.08
Kebbi,2018,Jan,1,2018-01-01,181.33
Kebbi,2018,Feb,2,2018-02-01,200.25
Kebbi,2018,Mar,3,2018-03-01,177.65
Kebbi,2018,Apr,4,2018-04-01,163.71
Kebbi,2018,May,5,2018-05-01,152.22
Kebbi,2018,Jun,6,2018-06-01,158.24
Kebbi,2018,Jul,7,2018-07-01,148.42
Kebbi,2018,Aug,8,2018-08-01,152.94
Kebbi,2018,Sep,9,2018-09-01,150.0
Kebbi,2018,Oct,10,2018-10-01,155.24
Kebbi,2018,Nov,11,2018-11-01,158.24
Kebbi,2018,Dec,12,2018-12-01,146.15
Kebbi,2019,Jan,1,2019-01-01,146.0
Kebbi,2019,Feb,2,2019-02-01,145.56
Kebbi,2019,Mar,3,2019-03-01,146.75
Kebbi,2019,Apr,4,2019-04-01,147.07
Kebbi,2019,May,5,2019-05-01,146.0
Kebbi,2021,Sep,9,2021-09-01,164.86
Kebbi,2021,Oct,10,2021-10-01,165.22
Kebbi,2021,Dec,12,2021-12-01,163.0
Kebbi,2022,Jan,1,2022-01-01,176.11
Kebbi,2022,Feb,2,2022-02-01,180.0
Kebbi,2022,Mar,3,2022-03-01,194.17
Kebbi,2022,Apr,4,2022-04-01,168.88
Kebbi,2022,May,5,2022-05-01,170.0
Kebbi,2022,Jun,6,2022-06-01,165.33
Kebbi,2022,Jul,7,2022-07-01,200.11
Kebbi,2022,Aug,8,2022-08-01,205.14
Kebbi,2022,Sep,9,2022-09-01,203.08
Kebbi,2022,Oct,10,2022-10-01,211.0
Kebbi,2022,Nov,11,2022-11-01,208.0
Kebbi,2022,Dec,12,2022-12-01,164.4
Kebbi,2023,Jan,1,2023-01-01,270.88
Kebbi,2023,Feb,2,2023-02-01,191.43
Kebbi,2023,Mar,3,2023-03-01,261.17
Kebbi,2023,Apr,4,2023-04-01,247.2
Kebbi,2023,May,5,2023-05-01,286.4
Kebbi,2023,Jun,6,2023-06-01,545.56
Kebbi,2023,Jul,7,2023-07-01,628.75
Kebbi,2023,Aug,8,2023-08-01,621.88
Kebbi,2023,Sep,9,2023-09-01,625.11
Kebbi,2023,Oct,10,2023-10-01,628.33
Kebbi,2023,Nov,11,2023-11-01,691.0
Kebbi,2023,Dec,12,2023-12-01,715.62
Kebbi,2024,Jan,1,2024-01-01,796.67
Kebbi,2024,Feb,2,2024-02-01,746.67
Kebbi,2024,Mar,3,2024-03-01,727.2
Kebbi,2024,Apr,4,2024-04-01,722.86
Kebbi,2024,May,5,2024-05-01,880.0
Kebbi,2024,Jun,6,2024-06-01,742.31
Kebbi,2024,Jul,7,2024-07-01,822.14
Kebbi,2024,Aug,8,2024-08-01,808.67
Kebbi,2024,Sep,9,2024-09-01,986.67
Kebbi,2024,Oct,10,2024-10-01,1189.25
Kogi,2016,Jan,1,2016-01-01,127.1
Kogi,2017,Mar,3,2017-03-01,154.0
Kogi,2017,Apr,4,2017-04-01,147.0
Kogi,2017,May,5,2017-05-01,148.9
Kogi,2017,Jun,6,2017-06-01,148.9
Kogi,2017,Jul,7,2017-07-01,146.7
Kogi,2017,Aug,8,2017-08-01,144.6
Kogi,2017,Sep,9,2017-09-01,144.6
Kogi,2017,Oct,10,2017-10-01,146.67
Kogi,2017,Nov,11,2017-11-01,145.0
Kogi,2017,Dec,12,2017-12-01,200.0
Kogi,2018,Jan,1,2018-01-01,152.83
Kogi,2018,Feb,2,2018-02-01,194.81
Kogi,2018,Mar,3,2018-03-01,163.33
Kogi,2018,Apr,4,2018-04-01,160.79
Kogi,2018,May,5,2018-05-01,159.17
Kogi,2018,Jun,6,2018-06-01,150.91
Kogi,2018,Jul,7,2018-07-01,148.89
Kogi,2018,Aug,8,2018-08-01,150.13
Kogi,2018,Sep,9,2018-09-01,147.15
Kogi,2018,Oct,10,2018-10-01,148.33
Kogi,2018,Nov,11,2018-11-01,147.86
Kogi,2018,Dec,12,2018-12-01,146.67
Kogi,2019,Jan,1,2019-01-01,145.82
Kogi,2019,Feb,2,2019-02-01,145.5
Kogi,2019,Mar,3,2019-03-01,146.09
Kogi,2019,Apr,4,2019-04-01,147.88
Kogi,2019,May,5,2019-05-01,146.0
Kogi,2021,Sep,9,2021-09-01,164.38
Kogi,2021,Oct,10,2021-10-01,163.62
Kogi,2021,Dec,12,2021-12-01,162.5
Kogi,2022,Jan,1,2022-01-01,167.54
Kogi,2022,Feb,2,2022-02-01,167.88
Kogi,2022,Mar,3,2022-03-01,168.92
Kogi,2022,Apr,4,2022-04-01,168.89
Kogi,2022,May,5,2022-05-01,168.0
Kogi,2022,Jun,6,2022-06-01,168.3
Kogi,2022,Jul,7,2022-07-01,205.24
Kogi,2022,Aug,8,2022-08-01,202.09
Kogi,2022,Sep,9,2022-09-01,194.29
Kogi,2022,Oct,10,2022-10-01,204.33
Kogi,2022,Nov,11,2022-11-01,212.38
Kogi,2022,Dec,12,2022-12-01,168.92
Kogi,2023,Jan,1,2023-01-01,236.54
Kogi,2023,Feb,2,2023-02-01,235.43
Kogi,2023,Mar,3,2023-03-01,210.0
Kogi,2023,Apr,4,2023-04-01,206.11
Kogi,2023,May,5,2023-05-01,220.38
Kogi,2023,Jun,6,2023-06-01,550.83
Kogi,2023,Jul,7,2023-07-01,549.09
Kogi,2023,Aug,8,2023-08-01,632.11
Kogi,2023,Sep,9,2023-09-01,629.44
Kogi,2023,Oct,10,2023-10-01,640.0
Kogi,2023,Nov,11,2023-11-01,649.17
Kogi,2023,Dec,12,2023-12-01,660.91
Kogi,2024,Jan,1,2024-01-01,626.79
Kogi,2024,Feb,2,2024-02-01,675.5
Kogi,2024,Mar,3,2024-03-01,690.59
Kogi,2024,Apr,4,2024-04-01,797.78
Kogi,2024,May,5,2024-05-01,697.66
Kogi,2024,Jun,6,2024-06-01,789.47
Kogi,2024,Jul,7,2024-07-01,751.43
Kogi,2024,Aug,8,2024-08-01,842.81
Kogi,2024,Sep,9,2024-09-01,1063.09
Kogi,2024,Oct,10,2024-10-01,1193.14
Kwara,2016,Jan,1,2016-01-01,112.6
Kwara,2017,Mar,3,2017-03-01,145.0
Kwara,2017,Apr,4,2017-04-01,149.0
Kwara,2017,May,5,2017-05-01,153.0
Kwara,2017,Jun,6,2017-06-01,145.5
Kwara,2017,Jul,7,2017-07-01,145.9
Kwara,2017,Aug,8,2017-08-01,145.0
Kwara,2017,Sep,9,2017-09-01,144.1
Kwara,2017,Oct,10,2017-10-01,145.75
Kwara,2017,Nov,11,2017-11-01,145.0
Kwara,2017,Dec,12,2017-12-01,170.0
Kwara,2018,Jan,1,2018-01-01,206.18
Kwara,2018,Feb,2,2018-02-01,156.25
Kwara,2018,Mar,3,2018-03-01,160.0
Kwara,2018,Apr,4,2018-04-01,145.0
Kwara,2018,May,5,2018-05-01,145.73
Kwara,2018,Jun,6,2018-06-01,145.83
Kwara,2018,Jul,7,2018-07-01,147.22
Kwara,2018,Aug,8,2018-08-01,152.86
Kwara,2018,Sep,9,2018-09-01,145.71
Kwara,2018,Oct,10,2018-10-01,150.89
Kwara,2018,Nov,11,2018-11-01,145.33
Kwara,2018,Dec,12,2018-12-01,146.11
Kwara,2019,Jan,1,2019-01-01,145.62
Kwara,2019,Feb,2,2019-02-01,145.38
Kwara,2019,Mar,3,2019-03-01,144.78
Kwara,2019,Apr,4,2019-04-01,146.86
Kwara,2019,May,5,2019-05-01,146.14
Kwara,2021,Sep,9,2021-09-01,163.7
Kwara,2021,Oct,10,2021-10-01,160.0
Kwara,2021,Dec,12,2021-12-01,165.0
Kwara,2022,Jan,1,2022-01-01,164.53
Kwara,2022,Feb,2,2022-02-01,165.72
Kwara,2022,Mar,3,2022-03-01,165.95
Kwara,2022,Apr,4,2022-04-01,165.42
Kwara,2022,May,5,2022-05-01,169.29
Kwara,2022,Jun,6,2022-06-01,166.25
Kwara,2022,Jul,7,2022-07-01,185.0
Kwara,2022,Aug,8,2022-08-01,189.0
Kwara,2022,Sep,9,2022-09-01,188.85
Kwara,2022,Oct,10,2022-10-01,189.0
Kwara,2022,Nov,11,2022-11-01,217.14
Kwara,2022,Dec,12,2022-12-01,165.0
Kwara,2023,Jan,1,2023-01-01,229.38
Kwara,2023,Feb,2,2023-02-01,307.85
Kwara,2023,Mar,3,2023-03-01,215.0
Kwara,2023,Apr,4,2023-04-01,212.0
Kwara,2023,May,5,2023-05-01,212.5
Kwara,2023,Jun,6,2023-06-01,540.0
Kwara,2023,Jul,7,2023-07-01,535.44
Kwara,2023,Aug,8,2023-08-01,618.0
Kwara,2023,Sep,9,2023-09-01,618.55
Kwara,2023,Oct,10,2023-10-01,624.29
Kwara,2023,Nov,11,2023-11-01,642.5
Kwara,2023,Dec,12,2023-12-01,650.62
Kwara,2024,Jan,1,2024-01-01,614.9
Kwara,2024,Feb,2,2024-02-01,650.0
Kwara,2024,Mar,3,2024-03-01,665.68
Kwara,2024,Apr,4,2024-04-01,650.0
Kwara,2024,May,5,2024-05-01,645.15
Kwara,2024,Jun,6,2024-06-01,650.0
Kwara,2024,Jul,7,2024-07-01,650.0
Kwara,2024,Aug,8,2024-08-01,747.5
Kwara,2024,Sep,9,2024-09-01,1045.44
Kwara,2024,Oct,10,2024-10-01,1162.46
Lagos,2016,Jan,1,2016-01-01,91.1
Lagos,2017,Mar,3,2017-03-01,147.5
Lagos,2017,Apr,4,2017-04-01,148.0
Lagos,2017,May,5,2017-05-01,145.0
Lagos,2017,Jun,6,2017-06-01,145.7
Lagos,2017,Jul,7,2017-07-01,145.3
Lagos,2017,Aug,8,2017-08-01,143.3
Lagos,2017,Sep,9,2017-09-01,143.2
Lagos,2017,Oct,10,2017-10-01,144.33
Lagos,2017,Nov,11,2017-11-01,144.33
Lagos,2017,Dec,12,2017-12-01,149.87
Lagos,2018,Jan,1,2018-01-01,161.43
Lagos,2018,Feb,2,2018-02-01,145.0
Lagos,2018,Mar,3,2018-03-01,155.25
Lagos,2018,Apr,4,2018-04-01,148.1
Lagos,2018,May,5,2018-05-01,145.81
Lagos,2018,Jun,6,2018-06-01,144.91
Lagos,2018,Jul,7,2018-07-01,145.81
Lagos,2018,Aug,8,2018-08-01,145.0
Lagos,2018,Sep,9,2018-09-01,147.38
Lagos,2018,Oct,10,2018-10-01,145.0
Lagos,2018,Nov,11,2018-11-01,145.05
Lagos,2018,Dec,12,2018-12-01,145.0
Lagos,2019,Jan,1,2019-01-01,144.87
Lagos,2019,Feb,2,2019-02-01,144.88
Lagos,2019,Mar,3,2019-03-01,145.0
Lagos,2019,Apr,4,2019-04-01,145.0
Lagos,2019,May,5,2019-05-01,144.9
Lagos,2021,Sep,9,2021-09-01,167.8
Lagos,2021,Oct,10,2021-10-01,162.67
Lagos,2021,Dec,12,2021-12-01,163.72
Lagos,2022,Jan,1,2022-01-01,163.26
Lagos,2022,Feb,2,2022-02-01,168.16
Lagos,2022,Mar,3,2022-03-01,172.59
Lagos,2022,Apr,4,2022-04-01,165.13
Lagos,2022,May,5,2022-05-01,168.24
Lagos,2022,Jun,6,2022-06-01,171.75
Lagos,2022,Jul,7,2022-07-01,202.78
Lagos,2022,Aug,8,2022-08-01,190.0
Lagos,2022,Sep,9,2022-09-01,197.14
Lagos,2022,Oct,10,2022-10-01,200.5
Lagos,2022,Nov,11,2022-11-01,205.01
Lagos,2022,Dec,12,2022-12-01,163.72
Lagos,2023,Jan,1,2023-01-01,245.43
Lagos,2023,Feb,2,2023-02-01,300.69
Lagos,2023,Mar,3,2023-03-01,212.75
Lagos,2023,Apr,4,2023-04-01,207.71
Lagos,2023,May,5,2023-05-01,213.89
Lagos,2023,Jun,6,2023-06-01,538.13
Lagos,2023,Jul,7,2023-07-01,615.1
Lagos,2023,Aug,8,2023-08-01,620.69
Lagos,2023,Sep,9,2023-09-01,624.89
Lagos,2023,Oct,10,2023-10-01,590.95
Lagos,2023,Nov,11,2023-11-01,623.12
Lagos,2023,Dec,12,2023-12-01,612.72
Lagos,2024,Jan,1,2024-01-01,663.05
Lagos,2024,Feb,2,2024-02-01,654.23
Lagos,2024,Mar,3,2024-03-01,630.75
Lagos,2024,Apr,4,2024-04-01,602.55
Lagos,2024,May,5,2024-05-01,636.8
Lagos,2024,Jun,6,2024-06-01,626.94
Lagos,2024,Jul,7,2024-07-01,693.82
Lagos,2024,Aug,8,2024-08-01,765.29
Lagos,2024,Sep,9,2024-09-01,1000.48
Lagos,2024,Oct,10,2024-10-01,1080.95
Nasarawa,2016,Jan,1,2016-01-01,120.5
Nasarawa,2017,Mar,3,2017-03-01,145.9
Nasarawa,2017,Apr,4,2017-04-01,150.0
Nasarawa,2017,May,5,2017-05-01,148.1
Nasarawa,2017,Jun,6,2017-06-01,146.1
Nasarawa,2017,Jul,7,2017-07-01,149.4
Nasarawa,2017,Aug,8,2017-08-01,143.0
Nasarawa,2017,Sep,9,2017-09-01,145.0
Nasarawa,2017,Oct,10,2017-10-01,146.0
Nasarawa,2017,Nov,11,2017-11-01,144.0
Nasarawa,2017,Dec,12,2017-12-01,180.0
Nasarawa,2018,Jan,1,2018-01-01,168.13
Nasarawa,2018,Feb,2,2018-02-01,150.17
Nasarawa,2018,Mar,3,2018-03-01,165.53
Nasarawa,2018,Apr,4,2018-04-01,145.92
Nasarawa,2018,May,5,2018-05-01,145.25
Nasarawa,2018,Jun,6,2018-06-01,145.14
Nasarawa,2018,Jul,7,2018-07-01,145.71
Nasarawa,2018,Aug,8,2018-08-01,146.23
Nasarawa,2018,Sep,9,2018-09-01,147.14
Nasarawa,2018,Oct,10,2018-10-01,145.79
Nasarawa,2018,Nov,11,2018-11-01,147.87
Nasarawa,2018,Dec,12,2018-12-01,145.36
Nasarawa,2019,Jan,1,2019-01-01,145.0
Nasarawa,2019,Feb,2,2019-02-01,145.26
Nasarawa,2019,Mar,3,2019-03-01,146.33
Nasarawa,2019,Apr,4,2019-04-01,146.83
Nasarawa,2019,May,5,2019-05-01,145.46
Nasarawa,2021,Oct,10,2021-10-01,170.45
Nasarawa,2021,Dec,12,2021-12-01,167.36
Nasarawa,2022,Jun,6,2022-06-01,167.0
Nasarawa,2022,Jul,7,2022-07-01,205.5
Nasarawa,2022,Aug,8,2022-08-01,197.21
Nasarawa,2022,Sep,9,2022-09-01,193.21
Nasarawa,2022,Oct,10,2022-10-01,195.0
Nasarawa,2022,Nov,11,2022-11-01,210.42
Nasarawa,2022,Dec,12,2022-12-01,167.36
Nasarawa,2023,Jan,1,2023-01-01,217.5
Nasarawa,2023,Mar,3,2023-03-01,197.5
Nasarawa,2023,Apr,4,2023-04-01,207.5
Nasarawa,2023,May,5,2023-05-01,220.0
Nasarawa,2023,Jun,6,2023-06-01,540.58
Nasarawa,2023,Jul,7,2023-07-01,543.57
Nasarawa,2023,Aug,8,2023-08-01,641.0
Nasarawa,2023,Sep,9,2023-09-01,639.75
Nasarawa,2024,May,5,2024-05-01,659.44
Niger,2016,Jan,1,2016-01-01,112.3
Niger,2017,Mar,3,2017-03-01,149.4
Niger,2017,Apr,4,2017-04-01,147.0
Niger,2017,May,5,2017-05-01,145.6
Niger,2017,Jun,6,2017-06-01,148.7
Niger,2017,Jul,7,2017-07-01,148.4
Niger,2017,Aug,8,2017-08-01,144.3
Niger,2017,Sep,9,2017-09-01,144.3
Niger,2017,Oct,10,2017-10-01,145.0
Niger,2017,Nov,11,2017-11-01,145.5
Niger,2017,Dec,12,2017-12-01,170.0
Niger,2018,Jan,1,2018-01-01,176.11
Niger,2018,Feb,2,2018-02-01,155.0
Niger,2018,Mar,3,2018-03-01,165.38
Niger,2018,Apr,4,2018-04-01,145.56
Niger,2018,May,5,2018-05-01,145.88
Niger,2018,Jun,6,2018-06-01,147.27
Niger,2018,Jul,7,2018-07-01,147.27
Niger,2018,Aug,8,2018-08-01,146.0
Niger,2018,Sep,9,2018-09-01,145.73
Niger,2018,Oct,10,2018-10-01,145.5
Niger,2018,Nov,11,2018-11-01,146.8
Niger,2018,Dec,12,2018-12-01,147.27
Niger,2019,Jan,1,2019-01-01,145.38
Niger,2019,Feb,2,2019-02-01,145.43
Niger,2019,Mar,3,2019-03-01,144.92
Niger,2019,Apr,4,2019-04-01,145.91
Niger,2019,May,5,2019-05-01,146.11
Niger,2021,Sep,9,2021-09-01,163.02
Niger,2021,Oct,10,2021-10-01,167.67
Niger,2021,Dec,12,2021-12-01,167.14
Niger,2022,Jan,1,2022-01-01,169.09
Niger,2022,Feb,2,2022-02-01,172.44
Niger,2022,Mar,3,2022-03-01,170.5
Niger,2022,Apr,4,2022-04-01,165.55
Niger,2022,May,5,2022-05-01,166.36
Niger,2022,Jun,6,2022-06-01,168.0
Niger,2022,Jul,7,2022-07-01,208.0
Niger,2022,Aug,8,2022-08-01,198.7
Niger,2022,Sep,9,2022-09-01,203.22
Niger,2022,Oct,10,2022-10-01,202.55
Niger,2022,Nov,11,2022-11-01,211.4
Niger,2022,Dec,12,2022-12-01,167.14
Niger,2023,Jan,1,2023-01-01,213.0
Niger,2023,Feb,2,2023-02-01,286.36
Niger,2023,Mar,3,2023-03-01,198.5
Niger,2023,Apr,4,2023-04-01,208.0
Niger,2023,May,5,2023-05-01,201.82
Niger,2023,Jun,6,2023-06-01,545.56
Niger,2023,Jul,7,2023-07-01,542.1
Niger,2023,Aug,8,2023-08-01,634.56
Niger,2023,Sep,9,2023-09-01,632.0
Niger,2023,Oct,10,2023-10-01,637.0
Niger,2023,Nov,11,2023-11-01,639.2
Niger,2023,Dec,12,2023-12-01,659.38
Niger,2024,Jan,1,2024-01-01,624.04
Niger,2024,Feb,2,2024-02-01,653.7
Niger,2024,Mar,3,2024-03-01,657.15
Niger,2024,Apr,4,2024-04-01,633.75
Niger,2024,May,5,2024-05-01,642.16
Niger,2024,Jun,6,2024-06-01,704.47
Niger,2024,Jul,7,2024-07-01,745.52
Niger,2024,Aug,8,2024-08-01,792.43
Niger,2024,Sep,9,2024-09-01,993.89
Niger,2024,Oct,10,2024-10-01,1088.07
Ogun,2016,Jan,1,2016-01-01,92.5
Ogun,2017,Mar,3,2017-03-01,144.9
Ogun,2017,Apr,4,2017-04-01,145.0
Ogun,2017,May,5,2017-05-01,145.0
Ogun,2017,Jun,6,2017-06-01,145.0
Ogun,2017,Jul,7,2017-07-01,145.0
Ogun,2017,Aug,8,2017-08-01,143.5
Ogun,2017,Sep,9,2017-09-01,142.9
Ogun,2017,Oct,10,2017-10-01,145.0
Ogun,2017,Nov,11,2017-11-01,144.73
Ogun,2017,Dec,12,2017-12-01,168.0
Ogun,2018,Jan,1,2018-01-01,203.25
Ogun,2018,Feb,2,2018-02-01,147.06
Ogun,2018,Mar,3,2018-03-01,169.41
Ogun,2018,Apr,4,2018-04-01,145.31
Ogun,2018,May,5,2018-05-01,146.94
Ogun,2018,Jun,6,2018-06-01,147.19
Ogun,2018,Jul,7,2018-07-01,147.19
Ogun,2018,Aug,8,2018-08-01,146.13
Ogun,2018,Sep,9,2018-09-01,148.05
Ogun,2018,Oct,10,2018-10-01,144.87
Ogun,2018,Nov,11,2018-11-01,145.07
Ogun,2018,Dec,12,2018-12-01,145.0
Ogun,2019,Jan,1,2019-01-01,144.44
Ogun,2019,Feb,2,2019-02-01,143.06
Ogun,2019,Mar,3,2019-03-01,145.0
Ogun,2019,Apr,4,2019-04-01,145.0
Ogun,2019,May,5,2019-05-01,145.12
Ogun,2021,Sep,9,2021-09-01,165.06
Ogun,2021,Oct,10,2021-10-01,163.78
Ogun,2021,Dec,12,2021-12-01,163.0
Ogun,2022,Jan,1,2022-01-01,163.69
Ogun,2022,Feb,2,2022-02-01,166.78
Ogun,2022,Mar,3,2022-03-01,172.81
Ogun,2022,Apr,4,2022-04-01,169.2
Ogun,2022,May,5,2022-05-01,165.0
Ogun,2022,Jun,6,2022-06-01,165.2
Ogun,2022,Jul,7,2022-07-01,185.08
Ogun,2022,Aug,8,2022-08-01,177.88
Ogun,2022,Sep,9,2022-09-01,185.71
Ogun,2022,Oct,10,2022-10-01,197.5
Ogun,2022,Nov,11,2022-11-01,200.0
Ogun,2022,Dec,12,2022-12-01,163.0
Ogun,2023,Jan,1,2023-01-01,238.15
Ogun,2023,Feb,2,2023-02-01,313.12
Ogun,2023,Mar,3,2023-03-01,241.9
Ogun,2023,Apr,4,2023-04-01,227.69
Ogun,2023,May,5,2023-05-01,212.69
Ogun,2023,Jun,6,2023-06-01,540.91
Ogun,2023,Jul,7,2023-07-01,618.46
Ogun,2023,Aug,8,2023-08-01,623.07
Ogun,2023,Sep,9,2023-09-01,625.84
Ogun,2023,Oct,10,2023-10-01,640.45
Ogun,2023,Nov,11,2023-11-01,631.33
Ogun,2023,Dec,12,2023-12-01,776.54
Ogun,2024,Jan,1,2024-01-01,653.11
Ogun,2024,Feb,2,2024-02-01,650.83
Ogun,2024,Mar,3,2024-03-01,651.25
Ogun,2024,Apr,4,2024-04-01,647.14
Ogun,2024,May,5,2024-05-01,730.0
Ogun,2024,Jun,6,2024-06-01,670.62
Ogun,2024,Jul,7,2024-07-01,742.22
Ogun,2024,Aug,8,2024-08-01,865.88
Ogun,2024,Sep,9,2024-09-01,1016.92
Ogun,2024,Oct,10,2024-10-01,1161.11
Ondo,2016,Jan,1,2016-01-01,120.1
Ondo,2017,Mar,3,2017-03-01,146.3
Ondo,2017,Apr,4,2017-04-01,145.0
Ondo,2017,May,5,2017-05-01,145.3
Ondo,2017,Jun,6,2017-06-01,145.3
Ondo,2017,Jul,7,2017-07-01,145.0
Ondo,2017,Aug,8,2017-08-01,143.3
Ondo,2017,Sep,9,2017-09-01,142.9
Ondo,2017,Oct,10,2017-10-01,145.59
Ondo,2017,Nov,11,2017-11-01,144.9
Ondo,2017,Dec,12,2017-12-01,160.0
Ondo,2018,Jan,1,2018-01-01,219.38
Ondo,2018,Feb,2,2018-02-01,187.05
Ondo,2018,Mar,3,2018-03-01,162.38
Ondo,2018,Apr,4,2018-04-01,145.95
Ondo,2018,May,5,2018-05-01,145.33
Ondo,2018,Jun,6,2018-06-01,145.55
Ondo,2018,Jul,7,2018-07-01,146.76
Ondo,2018,Aug,8,2018-08-01,145.78
Ondo,2018,Sep,9,2018-09-01,145.73
Ondo,2018,Oct,10,2018-10-01,145.32
Ondo,2018,Nov,11,2018-11-01,145.15
Ondo,2018,Dec,12,2018-12-01,145.88
Ondo,2019,Jan,1,2019-01-01,144.0
Ondo,2019,Feb,2,2019-02-01,145.63
Ondo,2019,Mar,3,2019-03-01,145.18
Ondo,2019,Apr,4,2019-04-01,145.5
Ondo,2019,May,5,2019-05-01,145.11
Ondo,2021,Sep,9,2021-09-01,162.2
Ondo,2021,Oct,10,2021-10-01,166.29
Ondo,2021,Dec,12,2021-12-01,165.86
Ondo,2022,Jan,1,2022-01-01,166.28
Ondo,2022,Feb,2,2022-02-01,167.33
Ondo,2022,Mar,3,2022-03-01,168.56
Ondo,2022,Apr,4,2022-04-01,167.14
Ondo,2022,May,5,2022-05-01,167.36
Ondo,2022,Jun,6,2022-06-01,180.21
Ondo,2022,Jul,7,2022-07-01,195.0
Ondo,2022,Aug,8,2022-08-01,188.93
Ondo,2022,Sep,9,2022-09-01,190.71
Ondo,2022,Oct,10,2022-10-01,190.71
Ondo,2022,Nov,11,2022-11-01,208.12
Ondo,2022,Dec,12,2022-12-01,165.86
Ondo,2023,Jan,1,2023-01-01,249.44
Ondo,2023,Feb,2,2023-02-01,332.14
Ondo,2023,Mar,3,2023-03-01,241.33
Ondo,2023,Apr,4,2023-04-01,231.06
Ondo,2023,May,5,2023-05-01,232.75
Ondo,2023,Jun,6,2023-06-01,540.2
Ondo,2023,Jul,7,2023-07-01,619.65
Ondo,2023,Aug,8,2023-08-01,624.4
Ondo,2023,Sep,9,2023-09-01,620.14
Ondo,2023,Oct,10,2023-10-01,614.47
Ondo,2023,Nov,11,2023-11-01,650.59
Ondo,2023,Dec,12,2023-12-01,644.06
Ondo,2024,Jan,1,2024-01-01,653.02
Ondo,2024,Feb,2,2024-02-01,666.25
Ondo,2024,Mar,3,2024-03-01,663.85
Ondo,2024,Apr,4,2024-04-01,671.25
Ondo,2024,May,5,2024-05-01,882.67
Ondo,2024,Jun,6,2024-06-01,747.86
Ondo,2024,Jul,7,2024-07-01,776.92
Ondo,2024,Aug,8,2024-08-01,846.67
Ondo,2024,Sep,9,2024-09-01,1006.67
Ondo,2024,Oct,10,2024-10-01,1172.86
Osun,2016,Jan,1,2016-01-01,100.5
Osun,2017,Mar,3,2017-03-01,145.0
Osun,2017,Apr,4,2017-04-01,145.0
Osun,2017,May,5,2017-05-01,145.0
Osun,2017,Jun,6,2017-06-01,145.0
Osun,2017,Jul,7,2017-07-01,145.0
Osun,2017,Aug,8,2017-08-01,145.0
Osun,2017,Sep,9,2017-09-01,142.8
Osun,2017,Oct,10,2017-10-01,144.47
Osun,2017,Nov,11,2017-11-01,144.33
Osun,2017,Dec,12,2017-12-01,168.0
Osun,2018,Jan,1,2018-01-01,228.89
Osun,2018,Feb,2,2018-02-01,154.33
Osun,2018,Mar,3,2018-03-01,145.44
Osun,2018,Apr,4,2018-04-01,145.86
Osun,2018,May,5,2018-05-01,145.0
Osun,2018,Jun,6,2018-06-01,145.85
Osun,2018,Jul,7,2018-07-01,144.8
Osun,2018,Aug,8,2018-08-01,144.67
Osun,2018,Sep,9,2018-09-01,147.43
Osun,2018,Oct,10,2018-10-01,145.0
Osun,2018,Nov,11,2018-11-01,145.23
Osun,2018,Dec,12,2018-12-01,145.0
Osun,2019,Jan,1,2019-01-01,148.83
Osun,2019,Feb,2,2019-02-01,145.89
Osun,2019,Mar,3,2019-03-01,145.0
Osun,2019,Apr,4,2019-04-01,145.0
Osun,2019,May,5,2019-05-01,145.53
Osun,2021,Sep,9,2021-09-01,164.62
Osun,2021,Oct,10,2021-10-01,164.1
Osun,2021,Dec,12,2021-12-01,164.73
Osun,2022,Jan,1,2022-01-01,164.46
Osun,2022,Feb,2,2022-02-01,167.27
Osun,2022,Mar,3,2022-03-01,177.73
Osun,2022,Apr,4,2022-04-01,173.75
Osun,2022,May,5,2022-05-01,167.86
Osun,2022,Jun,6,2022-06-01,177.0
Osun,2022,Jul,7,2022-07-01,187.65
Osun,2022,Aug,8,2022-08-01,188.21
Osun,2022,Sep,9,2022-09-01,185.77
Osun,2022,Oct,10,2022-10-01,187.0
Osun,2022,Nov,11,2022-11-01,205.45
Osun,2022,Dec,12,2022-12-01,164.73
Osun,2023,Jan,1,2023-01-01,262.12
Osun,2023,Feb,2,2023-02-01,293.76
Osun,2023,Mar,3,2023-03-01,248.0
Osun,2023,Apr,4,2023-04-01,231.67
Osun,2023,May,5,2023-05-01,226.18
Osun,2023,Jun,6,2023-06-01,540.13
Osun,2023,Jul,7,2023-07-01,610.45
Osun,2023,Aug,8,2023-08-01,636.0
Osun,2023,Sep,9,2023-09-01,627.08
Osun,2023,Oct,10,2023-10-01,649.23
Osun,2023,Nov,11,2023-11-01,644.17
Osun,2023,Dec,12,2023-12-01,641.54
Osun,2024,Jan,1,2024-01-01,658.77
Osun,2024,Feb,2,2024-02-01,664.55
Osun,2024,Mar,3,2024-03-01,672.14
Osun,2024,Apr,4,2024-04-01,691.0
Osun,2024,May,5,2024-05-01,790.36
Osun,2024,Jun,6,2024-06-01,689.23
Osun,2024,Jul,7,2024-07-01,842.14
Osun,2024,Aug,8,2024-08-01,856.15
Osun,2024,Sep,9,2024-09-01,1009.38
Osun,2024,Oct,10,2024-10-01,1176.32
Oyo,2016,Jan,1,2016-01-01,91.5
Oyo,2017,Mar,3,2017-03-01,145.7
Oyo,2017,Apr,4,2017-04-01,145.0
Oyo,2017,May,5,2017-05-01,145.3
Oyo,2017,Jun,6,2017-06-01,145.5
Oyo,2017,Jul,7,2017-07-01,146.1
Oyo,2017,Aug,8,2017-08-01,143.2
Oyo,2017,Sep,9,2017-09-01,143.3
Oyo,2017,Oct,10,2017-10-01,144.31
Oyo,2017,Nov,11,2017-11-01,145.13
Oyo,2017,Dec,12,2017-12-01,167.5
Oyo,2018,Jan,1,2018-01-01,199.17
Oyo,2018,Feb,2,2018-02-01,165.0
Oyo,2018,Mar,3,2018-03-01,149.12
Oyo,2018,Apr,4,2018-04-01,145.11
Oyo,2018,May,5,2018-05-01,145.0
Oyo,2018,Jun,6,2018-06-01,144.3
Oyo,2018,Jul,7,2018-07-01,144.72
Oyo,2018,Aug,8,2018-08-01,144.28
Oyo,2018,Sep,9,2018-09-01,145.79
Oyo,2018,Oct,10,2018-10-01,144.5
Oyo,2018,Nov,11,2018-11-01,144.89
Oyo,2018,Dec,12,2018-12-01,145.56
Oyo,2019,Jan,1,2019-01-01,150.5
Oyo,2019,Feb,2,2019-02-01,146.5
Oyo,2019,Mar,3,2019-03-01,145.0
Oyo,2019,Apr,4,2019-04-01,145.25
Oyo,2019,May,5,2019-05-01,144.65
Oyo,2021,Sep,9,2021-09-01,163.67
Oyo,2021,Oct,10,2021-10-01,164.07
Oyo,2021,Dec,12,2021-12-01,165.5
Oyo,2022,Jan,1,2022-01-01,165.73
Oyo,2022,Feb,2,2022-02-01,167.59
Oyo,2022,Mar,3,2022-03-01,173.24
Oyo,2022,Apr,4,2022-04-01,176.43
Oyo,2022,May,5,2022-05-01,170.88
Oyo,2022,Jun,6,2022-06-01,179.39
Oyo,2022,Jul,7,2022-07-01,195.42
Oyo,2022,Aug,8,2022-08-01,182.44
Oyo,2022,Sep,9,2022-09-01,187.89
Oyo,2022,Oct,10,2022-10-01,190.72
Oyo,2022,Nov,11,2022-11-01,207.33
Oyo,2022,Dec,12,2022-12-01,165.5
Oyo,2023,Jan,1,2023-01-01,252.29
Oyo,2023,Feb,2,2023-02-01,319.0
Oyo,2023,Mar,3,2023-03-01,225.33
Oyo,2023,Apr,4,2023-04-01,217.06
Oyo,2023,May,5,2023-05-01,215.38
Oyo,2023,Jun,6,2023-06-01,537.43
Oyo,2023,Jul,7,2023-07-01,619.82
Oyo,2023,Aug,8,2023-08-01,621.8
Oyo,2023,Sep,9,2023-09-01,618.5
Oyo,2023,Oct,10,2023-10-01,592.19
Oyo,2023,Nov,11,2023-11-01,628.36
Oyo,2023,Dec,12,2023-12-01,626.56
Oyo,2024,Jan,1,2024-01-01,662.53
Oyo,2024,Feb,2,2024-02-01,652.35
Oyo,2024,Mar,3,2024-03-01,645.88
Oyo,2024,Apr,4,2024-04-01,660.33
Oyo,2024,May,5,2024-05-01,742.5
Oyo,2024,Jun,6,2024-06-01,696.67
Oyo,2024,Jul,7,2024-07-01,808.85
Oyo,2024,Aug,8,2024-08-01,865.62
Oyo,2024,Sep,9,2024-09-01,1076.11
Oyo,2024,Oct,10,2024-10-01,1188.75
Plateau,2016,Jan,1,2016-01-01,147.5
Plateau,2017,Mar,3,2017-03-01,149.6
Plateau,2017,Apr,4,2017-04-01,147.0
Plateau,2017,May,5,2017-05-01,145.6
Plateau,2017,Jun,6,2017-06-01,148.5
Plateau,2017,Jul,7,2017-07-01,145.8
Plateau,2017,Aug,8,2017-08-01,146.4
Plateau,2017,Sep,9,2017-09-01,145.3
Plateau,2017,Oct,10,2017-10-01,145.11
Plateau,2017,Nov,11,2017-11-01,143.6
Plateau,2017,Dec,12,2017-12-01,170.0
Plateau,2018,Jan,1,2018-01-01,214.23
Plateau,2018,Feb,2,2018-02-01,174.56
Plateau,2018,Mar,3,2018-03-01,157.86
Plateau,2018,Apr,4,2018-04-01,145.0
Plateau,2018,May,5,2018-05-01,145.75
Plateau,2018,Jun,6,2018-06-01,146.67
Plateau,2018,Jul,7,2018-07-01,145.0
Plateau,2018,Aug,8,2018-08-01,145.0
Plateau,2018,Sep,9,2018-09-01,145.66
Plateau,2018,Oct,10,2018-10-01,145.0
Plateau,2018,Nov,11,2018-11-01,146.67
Plateau,2018,Dec,12,2018-12-01,145.0
Plateau,2019,Jan,1,2019-01-01,146.42
Plateau,2019,Feb,2,2019-02-01,146.55
Plateau,2019,Mar,3,2019-03-01,144.43
Plateau,2019,Apr,4,2019-04-01,145.43
Plateau,2019,May,5,2019-05-01,145.71
Plateau,2021,Sep,9,2021-09-01,163.57
Plateau,2021,Oct,10,2021-10-01,172.43
Plateau,2021,Dec,12,2021-12-01,164.0
Plateau,2022,Jan,1,2022-01-01,165.0
Plateau,2022,Feb,2,2022-02-01,173.5
Plateau,2022,Mar,3,2022-03-01,173.5
Plateau,2022,Apr,4,2022-04-01,167.41
Plateau,2022,May,5,2022-05-01,167.5
Plateau,2022,Jun,6,2022-06-01,167.0
Plateau,2022,Jul,7,2022-07-01,182.73
Plateau,2022,Aug,8,2022-08-01,182.5
Plateau,2022,Sep,9,2022-09-01,188.4
Plateau,2022,Oct,10,2022-10-01,196.9
Plateau,2022,Nov,11,2022-11-01,196.14
Plateau,2022,Dec,12,2022-12-01,164.0
Plateau,2023,Jan,1,2023-01-01,192.14
Plateau,2023,Feb,2,2023-02-01,305.0
Plateau,2023,Mar,3,2023-03-01,196.79
Plateau,2023,Apr,4,2023-04-01,210.0
Plateau,2023,May,5,2023-05-01,203.33
Plateau,2023,Jun,6,2023-06-01,543.0
Plateau,2023,Jul,7,2023-07-01,537.0
Plateau,2023,Aug,8,2023-08-01,623.83
Plateau,2023,Sep,9,2023-09-01,623.86
Plateau,2023,Oct,10,2023-10-01,627.57
Plateau,2023,Nov,11,2023-11-01,644.5
Plateau,2023,Dec,12,2023-12-01,649.25
Plateau,2024,Jan,1,2024-01-01,670.0
Plateau,2024,Feb,2,2024-02-01,686.17
Plateau,2024,Mar,3,2024-03-01,662.27
Plateau,2024,Apr,4,2024-04-01,685.29
Plateau,2024,May,5,2024-05-01,675.93
Plateau,2024,Jun,6,2024-06-01,719.73
Plateau,2024,Jul,7,2024-07-01,782.42
Plateau,2024,Aug,8,2024-08-01,876.15
Plateau,2024,Sep,9,2024-09-01,1073.18
Plateau,2024,Oct,10,2024-10-01,1171.25
Rivers,2016,Jan,1,2016-01-01,102.5
Rivers,2017,Mar,3,2017-03-01,151.3
Rivers,2017,Apr,4,2017-04-01,150.0
Rivers,2017,May,5,2017-05-01,157.4
Rivers,2017,Jun,6,2017-06-01,145.6
Rivers,2017,Jul,7,2017-07-01,146.0
Rivers,2017,Aug,8,2017-08-01,145.8
Rivers,2017,Sep,9,2017-09-01,145.6
Rivers,2017,Oct,10,2017-10-01,145.35
Rivers,2017,Nov,11,2017-11-01,147.0
Rivers,2017,Dec,12,2017-12-01,160.0
Rivers,2018,Jan,1,2018-01-01,197.5
Rivers,2018,Feb,2,2018-02-01,194.75
Rivers,2018,Mar,3,2018-03-01,165.94
Rivers,2018,Apr,4,2018-04-01,155.94
Rivers,2018,May,5,2018-05-01,150.91
Rivers,2018,Jun,6,2018-06-01,148.58
Rivers,2018,Jul,7,2018-07-01,145.26
Rivers,2018,Aug,8,2018-08-01,145.0
Rivers,2018,Sep,9,2018-09-01,145.0
Rivers,2018,Oct,10,2018-10-01,145.0
Rivers,2018,Nov,11,2018-11-01,145.0
Rivers,2018,Dec,12,2018-12-01,145.0
Rivers,2019,Jan,1,2019-01-01,145.35
Rivers,2019,Feb,2,2019-02-01,144.71
Rivers,2019,Mar,3,2019-03-01,145.38
Rivers,2019,Apr,4,2019-04-01,145.56
Rivers,2019,May,5,2019-05-01,145.31
Rivers,2021,Sep,9,2021-09-01,164.77
Rivers,2021,Oct,10,2021-10-01,162.93
Rivers,2021,Dec,12,2021-12-01,165.33
Rivers,2022,Jan,1,2022-01-01,164.29
Rivers,2022,Feb,2,2022-02-01,166.71
Rivers,2022,Mar,3,2022-03-01,210.32
Rivers,2022,Apr,4,2022-04-01,167.35
Rivers,2022,May,5,2022-05-01,174.19
Rivers,2022,Jun,6,2022-06-01,168.61
Rivers,2022,Jul,7,2022-07-01,186.76
Rivers,2022,Aug,8,2022-08-01,180.0
Rivers,2022,Sep,9,2022-09-01,188.31
Rivers,2022,Oct,10,2022-10-01,199.47
Rivers,2022,Nov,11,2022-11-01,200.0
Rivers,2022,Dec,12,2022-12-01,165.33
Rivers,2023,Jan,1,2023-01-01,327.14
Rivers,2023,Feb,2,2023-02-01,261.67
Rivers,2023,Mar,3,2023-03-01,290.89
Rivers,2023,Apr,4,2023-04-01,282.22
Rivers,2023,May,5,2023-05-01,250.42
Rivers,2023,Jun,6,2023-06-01,537.64
Rivers,2023,Jul,7,2023-07-01,607.67
Rivers,2023,Aug,8,2023-08-01,596.8
Rivers,2023,Sep,9,2023-09-01,602.55
Rivers,2023,Oct,10,2023-10-01,628.27
Rivers,2023,Nov,11,2023-11-01,663.89
Rivers,2023,Dec,12,2023-12-01,676.67
Rivers,2024,Jan,1,2024-01-01,674.55
Rivers,2024,Feb,2,2024-02-01,680.0
Rivers,2024,Mar,3,2024-03-01,710.91
Rivers,2024,Apr,4,2024-04-01,696.0
Rivers,2024,May,5,2024-05-01,782.73
Rivers,2024,Jun,6,2024-06-01,810.0
Rivers,2024,Jul,7,2024-07-01,684.55
Rivers,2024,Aug,8,2024-08-01,685.45
Rivers,2024,Sep,9,2024-09-01,1045.0
Rivers,2024,Oct,10,2024-10-01,1154.27
Sokoto,2016,Jan,1,2016-01-01,110.5
Sokoto,2017,Mar,3,2017-03-01,152.9
Sokoto,2017,Apr,4,2017-04-01,150.0
Sokoto,2017,May,5,2017-05-01,157.9
Sokoto,2017,Jun,6,2017-06-01,150.7
Sokoto,2017,Jul,7,2017-07-01,145.0
Sokoto,2017,Aug,8,2017-08-01,145.3
Sokoto,2017,Sep,9,2017-09-01,143.6
Sokoto,2017,Oct,10,2017-10-01,146.0
Sokoto,2017,Nov,11,2017-11-01,145.88
Sokoto,2017,Dec,12,2017-12-01,168.0
Sokoto,2018,Jan,1,2018-01-01,205.83
Sokoto,2018,Feb,2,2018-02-01,180.33
Sokoto,2018,Mar,3,2018-03-01,162.86
Sokoto,2018,Apr,4,2018-04-01,158.33
Sokoto,2018,May,5,2018-05-01,158.57
Sokoto,2018,Jun,6,2018-06-01,154.2
Sokoto,2018,Jul,7,2018-07-01,145.0
Sokoto,2018,Aug,8,2018-08-01,145.0
Sokoto,2018,Sep,9,2018-09-01,145.0
Sokoto,2018,Oct,10,2018-10-01,144.2
Sokoto,2018,Nov,11,2018-11-01,144.2
Sokoto,2018,Dec,12,2018-12-01,144.43
Sokoto,2019,Jan,1,2019-01-01,145.14
Sokoto,2019,Feb,2,2019-02-01,145.43
Sokoto,2019,Mar,3,2019-03-01,145.83
Sokoto,2019,Apr,4,2019-04-01,145.71
Sokoto,2019,May,5,2019-05-01,145.71
Sokoto,2021,Sep,9,2021-09-01,165.53
Sokoto,2021,Oct,10,2021-10-01,166.0
Sokoto,2021,Dec,12,2021-12-01,165.0
Sokoto,2022,Jan,1,2022-01-01,165.0
Sokoto,2022,Feb,2,2022-02-01,170.45
Sokoto,2022,Mar,3,2022-03-01,180.0
Sokoto,2022,Apr,4,2022-04-01,185.68
Sokoto,2022,May,5,2022-05-01,168.55
Sokoto,2022,Jun,6,2022-06-01,195.55
Sokoto,2022,Jul,7,2022-07-01,184.18
Sokoto,2022,Aug,8,2022-08-01,185.71
Sokoto,2022,Sep,9,2022-09-01,187.67
Sokoto,2022,Oct,10,2022-10-01,185.0
Sokoto,2022,Nov,11,2022-11-01,192.5
Sokoto,2022,Dec,12,2022-12-01,165.0
Sokoto,2023,Jan,1,2023-01-01,191.43
Sokoto,2023,Feb,2,2023-02-01,268.33
Sokoto,2023,Mar,3,2023-03-01,208.57
Sokoto,2023,Apr,4,2023-04-01,195.0
Sokoto,2023,May,5,2023-05-01,203.67
Sokoto,2023,Jun,6,2023-06-01,540.0
Sokoto,2023,Jul,7,2023-07-01,621.14
Sokoto,2023,Aug,8,2023-08-01,631.43
Sokoto,2023,Sep,9,2023-09-01,628.29
Sokoto,2023,Oct,10,2023-10-01,638.33
Sokoto,2023,Nov,11,2023-11-01,641.43
Sokoto,2023,Dec,12,2023-12-01,678.57
Sokoto,2024,Jan,1,2024-01-01,664.8
Sokoto,2024,Feb,2,2024-02-01,681.43
Sokoto,2024,Mar,3,2024-03-01,715.0
Sokoto,2024,Apr,4,2024-04-01,713.33
Sokoto,2024,May,5,2024-05-01,872.5
Sokoto,2024,Jun,6,2024-06-01,723.33
Sokoto,2024,Jul,7,2024-07-01,750.0
Sokoto,2024,Aug,8,2024-08-01,855.71
Sokoto,2024,Sep,9,2024-09-01,961.67
Sokoto,2024,Oct,10,2024-10-01,1110.0
Taraba,2016,Jan,1,2016-01-01,120.7
Taraba,2017,Mar,3,2017-03-01,148.0
Taraba,2017,Apr,4,2017-04-01,159.0
Taraba,2017,May,5,2017-05-01,162.0
Taraba,2017,Jun,6,2017-06-01,156.3
Taraba,2017,Jul,7,2017-07-01,157.7
Taraba,2017,Aug,8,2017-08-01,145.0
Taraba,2017,Sep,9,2017-09-01,146.1
Taraba,2017,Oct,10,2017-10-01,145.0
Taraba,2017,Nov,11,2017-11-01,146.66
Taraba,2017,Dec,12,2017-12-01,166.11
Taraba,2018,Jan,1,2018-01-01,164.44
Taraba,2018,Feb,2,2018-02-01,201.29
Taraba,2018,Mar,3,2018-03-01,184.38
Taraba,2018,Apr,4,2018-04-01,156.0
Taraba,2018,May,5,2018-05-01,153.89
Taraba,2018,Jun,6,2018-06-01,150.88
Taraba,2018,Jul,7,2018-07-01,151.82
Taraba,2018,Aug,8,2018-08-01,150.29
Taraba,2018,Sep,9,2018-09-01,152.86
Taraba,2018,Oct,10,2018-10-01,153.0
Taraba,2018,Nov,11,2018-11-01,155.46
Taraba,2018,Dec,12,2018-12-01,150.27
Taraba,2019,Jan,1,2019-01-01,150.0
Taraba,2019,Feb,2,2019-02-01,150.55
Taraba,2019,Mar,3,2019-03-01,147.0
Taraba,2019,Apr,4,2019-04-01,147.0
Taraba,2019,May,5,2019-05-01,145.56
Taraba,2021,Sep,9,2021-09-01,163.96
Taraba,2021,Oct,10,2021-10-01,165.85
Taraba,2021,Dec,12,2021-12-01,166.33
Taraba,2022,Jan,1,2022-01-01,163.5
Taraba,2022,Feb,2,2022-02-01,175.6
Taraba,2022,Mar,3,2022-03-01,184.56
Taraba,2022,Apr,4,2022-04-01,171.25
Taraba,2022,May,5,2022-05-01,178.36
Taraba,2022,Jun,6,2022-06-01,169.33
Taraba,2022,Jul,7,2022-07-01,189.33
Taraba,2022,Aug,8,2022-08-01,178.5
Taraba,2022,Sep,9,2022-09-01,186.07
Taraba,2022,Oct,10,2022-10-01,185.42
Taraba,2022,Nov,11,2022-11-01,211.5
Taraba,2022,Dec,12,2022-12-01,166.33
Taraba,2023,Jan,1,2023-01-01,258.89
Taraba,2023,Feb,2,2023-02-01,281.43
Taraba,2023,Mar,3,2023-03-01,330.0
Taraba,2023,Apr,4,2023-04-01,320.0
Taraba,2023,May,5,2023-05-01,295.0
Taraba,2023,Jun,6,2023-06-01,562.86
Taraba,2023,Jul,7,2023-07-01,610.0
Taraba,2023,Aug,8,2023-08-01,680.0
Taraba,2023,Sep,9,2023-09-01,665.56
Taraba,2023,Oct,10,2023-10-01,639.0
Taraba,2023,Nov,11,2023-11-01,618.0
Taraba,2023,Dec,12,2023-12-01,760.0
Taraba,2024,Jan,1,2024-01-01,704.11
Taraba,2024,Feb,2,2024-02-01,710.56
Taraba,2024,Mar,3,2024-03-01,761.92
Taraba,2024,Apr,4,2024-04-01,751.89
Taraba,2024,May,5,2024-05-01,818.37
Taraba,2024,Jun,6,2024-06-01,751.89
Taraba,2024,Jul,7,2024-07-01,826.55
Taraba,2024,Aug,8,2024-08-01,899.67
Taraba,2024,Sep,9,2024-09-01,1027.44
Taraba,2024,Oct,10,2024-10-01,1243.9
Yobe,2016,Jan,1,2016-01-01,96.8
Yobe,2017,Mar,3,2017-03-01,161.7
Yobe,2017,Apr,4,2017-04-01,158.0
Yobe,2017,May,5,2017-05-01,156.4
Yobe,2017,Jun,6,2017-06-01,168.0
Yobe,2017,Jul,7,2017-07-01,170.0
Yobe,2017,Aug,8,2017-08-01,145.3
Yobe,2017,Sep,9,2017-09-01,149.7
Yobe,2017,Oct,10,2017-10-01,152.5
Yobe,2017,Nov,11,2017-11-01,145.75
Yobe,2017,Dec,12,2017-12-01,166.0
Yobe,2018,Jan,1,2018-01-01,171.0
Yobe,2018,Feb,2,2018-02-01,196.11
Yobe,2018,Mar,3,2018-03-01,166.67
Yobe,2018,Apr,4,2018-04-01,154.17
Yobe,2018,May,5,2018-05-01,153.33
Yobe,2018,Jun,6,2018-06-01,146.25
Yobe,2018,Jul,7,2018-07-01,148.75
Yobe,2018,Aug,8,2018-08-01,146.25
Yobe,2018,Sep,9,2018-09-01,146.25
Yobe,2018,Oct,10,2018-10-01,146.25
Yobe,2018,Nov,11,2018-11-01,150.77
Yobe,2018,Dec,12,2018-12-01,143.33
Yobe,2019,Jan,1,2019-01-01,145.73
Yobe,2019,Feb,2,2019-02-01,145.08
Yobe,2019,Mar,3,2019-03-01,147.55
Yobe,2019,Apr,4,2019-04-01,147.82
Yobe,2019,May,5,2019-05-01,145.64
Yobe,2021,Sep,9,2021-09-01,163.82
Yobe,2021,Oct,10,2021-10-01,159.86
Yobe,2021,Dec,12,2021-12-01,164.75
Yobe,2022,Jan,1,2022-01-01,165.83
Yobe,2022,Feb,2,2022-02-01,174.33
Yobe,2022,Mar,3,2022-03-01,184.67
Yobe,2022,Apr,4,2022-04-01,165.29
Yobe,2022,May,5,2022-05-01,165.36
Yobe,2022,Jun,6,2022-06-01,180.33
Yobe,2022,Jul,7,2022-07-01,183.2
Yobe,2022,Aug,8,2022-08-01,179.29
Yobe,2022,Sep,9,2022-09-01,184.65
Yobe,2022,Oct,10,2022-10-01,187.75
Yobe,2022,Nov,11,2022-11-01,206.25
Yobe,2022,Dec,12,2022-12-01,164.75
Yobe,2023,Jan,1,2023-01-01,215.29
Yobe,2023,Feb,2,2023-02-01,327.14
Yobe,2023,Mar,3,2023-03-01,202.5
Yobe,2023,Apr,4,2023-04-01,210.0
Yobe,2023,May,5,2023-05-01,216.36
Yobe,2023,Jun,6,2023-06-01,562.31
Yobe,2023,Jul,7,2023-07-01,624.29
Yobe,2023,Aug,8,2023-08-01,628.89
Yobe,2023,Sep,9,2023-09-01,629.23
Yobe,2023,Oct,10,2023-10-01,644.62
Yobe,2023,Nov,11,2023-11-01,639.27
Yobe,2023,Dec,12,2023-12-01,692.18
Yobe,2024,Jan,1,2024-01-01,675.55
Yobe,2024,Feb,2,2024-02-01,688.2
Yobe,2024,Mar,3,2024-03-01,749.09
Yobe,2024,Apr,4,2024-04-01,735.0
Yobe,2024,May,5,2024-05-01,784.63
Yobe,2024,Jun,6,2024-06-01,735.0
Yobe,2024,Jul,7,2024-07-01,800.88
Yobe,2024,Aug,8,2024-08-01,916.0
Yobe,2024,Sep,9,2024-09-01,939.38
Yobe,2024,Oct,10,2024-10-01,1180.1
Zamfara,2016,Jan,1,2016-01-01,91.6
Zamfara,2017,Mar,3,2017-03-01,147.0
Zamfara,2017,Apr,4,2017-04-01,145.0
Zamfara,2017,May,5,2017-05-01,147.0
Zamfara,2017,Jun,6,2017-06-01,146.0
Zamfara,2017,Jul,7,2017-07-01,145.9
Zamfara,2017,Aug,8,2017-08-01,145.4
Zamfara,2017,Sep,9,2017-09-01,144.2
Zamfara,2017,Oct,10,2017-10-01,144.94
Zamfara,2017,Nov,11,2017-11-01,144.7
Zamfara,2017,Dec,12,2017-12-01,170.0
Zamfara,2018,Jan,1,2018-01-01,159.12
Zamfara,2018,Feb,2,2018-02-01,155.0
Zamfara,2018,Mar,3,2018-03-01,152.35
Zamfara,2018,Apr,4,2018-04-01,158.14
Zamfara,2018,May,5,2018-05-01,154.12
Zamfara,2018,Jun,6,2018-06-01,147.72
Zamfara,2018,Jul,7,2018-07-01,147.72
Zamfara,2018,Aug,8,2018-08-01,148.14
Zamfara,2018,Sep,9,2018-09-01,147.1
Zamfara,2018,Oct,10,2018-10-01,147.72
Zamfara,2018,Nov,11,2018-11-01,147.72
Zamfara,2018,Dec,12,2018-12-01,146.63
Zamfara,2019,Jan,1,2019-01-01,144.56
Zamfara,2019,Feb,2,2019-02-01,145.5
Zamfara,2019,Mar,3,2019-03-01,144.39
Zamfara,2019,Apr,4,2019-04-01,144.43
Zamfara,2019,May,5,2019-05-01,144.43
Zamfara,2021,Sep,9,2021-09-01,164.46
Zamfara,2021,Oct,10,2021-10-01,164.33
Zamfara,2021,Dec,12,2021-12-01,162.5
Zamfara,2022,Jan,1,2022-01-01,164.41
Zamfara,2022,Feb,2,2022-02-01,165.53
Zamfara,2022,Mar,3,2022-03-01,167.69
Zamfara,2022,Apr,4,2022-04-01,165.36
Zamfara,2022,May,5,2022-05-01,167.0
Zamfara,2022,Jun,6,2022-06-01,180.73
Zamfara,2022,Jul,7,2022-07-01,180.73
Zamfara,2022,Aug,8,2022-08-01,195.0
Zamfara,2022,Sep,9,2022-09-01,187.07
Zamfara,2022,Oct,10,2022-10-01,191.31
Zamfara,2022,Nov,11,2022-11-01,194.36
Zamfara,2022,Dec,12,2022-12-01,162.5
Zamfara,2023,Jan,1,2023-01-01,235.43
Zamfara,2023,Feb,2,2023-02-01,250.8
Zamfara,2023,Mar,3,2023-03-01,303.18
Zamfara,2023,Apr,4,2023-04-01,267.73
Zamfara,2023,May,5,2023-05-01,243.27
Zamfara,2023,Jun,6,2023-06-01,549.09
Zamfara,2023,Jul,7,2023-07-01,620.0
Zamfara,2023,Aug,8,2023-08-01,622.73
Zamfara,2023,Sep,9,2023-09-01,621.57
Zamfara,2023,Oct,10,2023-10-01,659.38
Zamfara,2023,Nov,11,2023-11-01,648.0
Zamfara,2023,Dec,12,2023-12-01,688.46
Zamfara,2024,Jan,1,2024-01-01,771.43
Zamfara,2024,Feb,2,2024-02-01,750.43
Zamfara,2024,Mar,3,2024-03-01,704.09
Zamfara,2024,Apr,4,2024-04-01,754.29
Zamfara,2024,May,5,2024-05-01,835.83
Zamfara,2024,Jun,6,2024-06-01,760.38
Zamfara,2024,Jul,7,2024-07-01,797.14
Zamfara,2024,Aug,8,2024-08-01,887.69
Zamfara,2024,Sep,9,2024-09-01,1022.0
Zamfara,2024,Oct,10,2024-10-01,1164.29
